--
-- Script was generated by Devart dbForge Studio 2020 for MySQL, Version 9.0.338.0
-- Product home page: http://www.devart.com/dbforge/mysql/studio
-- Script date 12/20/2023 6:49:13 PM
-- Server version: 8.0.33
-- Client version: 4.1
--

-- 
-- Disable foreign keys
-- 
/*!40014 SET @OLD_FOREIGN_KEY_CHECKS=@@FOREIGN_KEY_CHECKS, FOREIGN_KEY_CHECKS=0 */;

-- 
-- Set SQL mode
-- 
/*!40101 SET @OLD_SQL_MODE=@@SQL_MODE, SQL_MODE='NO_AUTO_VALUE_ON_ZERO' */;

-- 
-- Set character set the client will use to send SQL statements to the server
--
SET NAMES 'utf8';

--
-- Set default database
--
USE bookingroomuniversity;

--
-- Drop procedure `Proc_ChangePass`
--
DROP PROCEDURE IF EXISTS Proc_ChangePass;

--
-- Drop procedure `Proc_CheckUnique`
--
DROP PROCEDURE IF EXISTS Proc_CheckUnique;

--
-- Drop procedure `Proc_Delete`
--
DROP PROCEDURE IF EXISTS Proc_Delete;

--
-- Drop procedure `Proc_Delete_Record`
--
DROP PROCEDURE IF EXISTS Proc_Delete_Record;

--
-- Drop procedure `Proc_GetAll`
--
DROP PROCEDURE IF EXISTS Proc_GetAll;

--
-- Drop procedure `Proc_GetByEntityId`
--
DROP PROCEDURE IF EXISTS Proc_GetByEntityId;

--
-- Drop procedure `Proc_GetEntityPaging`
--
DROP PROCEDURE IF EXISTS Proc_GetEntityPaging;

--
-- Drop procedure `Proc_GetNewCode`
--
DROP PROCEDURE IF EXISTS Proc_GetNewCode;

--
-- Drop procedure `Proc_History_Booking_GetPaging`
--
DROP PROCEDURE IF EXISTS Proc_History_Booking_GetPaging;

--
-- Drop procedure `Proc_RoomEquipment_GetPaging`
--
DROP PROCEDURE IF EXISTS Proc_RoomEquipment_GetPaging;

--
-- Drop table `bookinghistory`
--
DROP TABLE IF EXISTS bookinghistory;

--
-- Drop table `lesson`
--
DROP TABLE IF EXISTS lesson;

--
-- Drop table `week`
--
DROP TABLE IF EXISTS week;

--
-- Drop procedure `Proc_GetPagingHistory`
--
DROP PROCEDURE IF EXISTS Proc_GetPagingHistory;

--
-- Drop procedure `Proc_GetPagingRequestBooking`
--
DROP PROCEDURE IF EXISTS Proc_GetPagingRequestBooking;

--
-- Drop procedure `Proc_GetReportBookingRoom`
--
DROP PROCEDURE IF EXISTS Proc_GetReportBookingRoom;

--
-- Drop procedure `Proc_GetSchedulerRoomPaging`
--
DROP PROCEDURE IF EXISTS Proc_GetSchedulerRoomPaging;

--
-- Drop table `timebooking`
--
DROP TABLE IF EXISTS timebooking;

--
-- Drop procedure `Proc_GetRoomPaging`
--
DROP PROCEDURE IF EXISTS Proc_GetRoomPaging;

--
-- Drop table `timeslot`
--
DROP TABLE IF EXISTS timeslot;

--
-- Drop procedure `Proc_Attendance`
--
DROP PROCEDURE IF EXISTS Proc_Attendance;

--
-- Drop table `checkstudent`
--
DROP TABLE IF EXISTS checkstudent;

--
-- Drop table `student`
--
DROP TABLE IF EXISTS student;

--
-- Drop procedure `Proc_Get_Class_Active`
--
DROP PROCEDURE IF EXISTS Proc_Get_Class_Active;

--
-- Drop table `subjectregistration`
--
DROP TABLE IF EXISTS subjectregistration;

--
-- Drop table `class`
--
DROP TABLE IF EXISTS class;

--
-- Drop procedure `Proc_GetSchedulerBooking`
--
DROP PROCEDURE IF EXISTS Proc_GetSchedulerBooking;

--
-- Drop table `roomequipment`
--
DROP TABLE IF EXISTS roomequipment;

--
-- Drop table `equipment`
--
DROP TABLE IF EXISTS equipment;

--
-- Drop table `equipmenttype`
--
DROP TABLE IF EXISTS equipmenttype;

--
-- Drop procedure `Proc_GetBookingRoomByID`
--
DROP PROCEDURE IF EXISTS Proc_GetBookingRoomByID;

--
-- Drop procedure `Proc_UpdatePayment`
--
DROP PROCEDURE IF EXISTS Proc_UpdatePayment;

--
-- Drop table `bookingroom`
--
DROP TABLE IF EXISTS bookingroom;

--
-- Drop table `room`
--
DROP TABLE IF EXISTS room;

--
-- Drop table `building`
--
DROP TABLE IF EXISTS building;

--
-- Drop table `roomtype`
--
DROP TABLE IF EXISTS roomtype;

--
-- Drop table `subject`
--
DROP TABLE IF EXISTS subject;

--
-- Drop table `user`
--
DROP TABLE IF EXISTS user;

--
-- Drop procedure `Proc_GetUserPaging`
--
DROP PROCEDURE IF EXISTS Proc_GetUserPaging;

--
-- Drop table `department`
--
DROP TABLE IF EXISTS department;

--
-- Drop table `role`
--
DROP TABLE IF EXISTS role;

--
-- Set default database
--
USE bookingroomuniversity;

--
-- Create table `role`
--
CREATE TABLE role (
  RoleId char(36) NOT NULL DEFAULT '',
  RoleCode varchar(20) NOT NULL DEFAULT '',
  RoleValue int DEFAULT 1,
  RoleName varchar(255) DEFAULT NULL,
  CreatedDate datetime DEFAULT NULL,
  CreatedBy varchar(100) DEFAULT NULL,
  ModifiedDate datetime DEFAULT NULL,
  ModifiedBy varchar(100) DEFAULT NULL,
  PRIMARY KEY (RoleId)
)
ENGINE = INNODB,
AVG_ROW_LENGTH = 4096,
CHARACTER SET utf8mb3,
COLLATE utf8mb3_general_ci;

--
-- Create table `department`
--
CREATE TABLE department (
  DepartmentID char(36) NOT NULL DEFAULT '',
  DepartmentCode varchar(20) DEFAULT NULL,
  DepartmentName varchar(255) DEFAULT NULL,
  CreatedDate datetime DEFAULT NULL,
  CreatedBy varchar(100) DEFAULT NULL,
  ModifiedDate datetime DEFAULT NULL,
  ModifiedBy varchar(100) DEFAULT NULL,
  PRIMARY KEY (DepartmentID)
)
ENGINE = INNODB,
AVG_ROW_LENGTH = 2730,
CHARACTER SET utf8mb3,
COLLATE utf8mb3_general_ci;

DELIMITER $$

--
-- Create procedure `Proc_GetUserPaging`
--
CREATE DEFINER = 'root'@'localhost'
PROCEDURE Proc_GetUserPaging (IN UserFilter varchar(255), IN RoleId char(36), OUT TotalRecord int, OUT TotalPage int, IN PageSize int, IN PageIndex int)
BEGIN
  CREATE TEMPORARY TABLE IF NOT EXISTS UserFilters (SELECT
      u.UserId,
      u.UserCode,
      u.FullName,
      u.ModifiedDate,
      d.DepartmentName,
      u.AvartarColor,
      u.DepartmentId,
      u.RoleId,
      u.Email,
      u.PhoneNumber,
      r.RoleName
    FROM USER u
      LEFT JOIN department d
        ON u.DepartmentId = d.DepartmentId
      LEFT JOIN role r
        ON u.RoleId = r.RoleId
    WHERE u.UserId IN (SELECT
        u.UserID
      FROM USER u
        LEFT JOIN department d
          ON u.DepartmentId = d.DepartmentId

        LEFT JOIN role r
          ON u.RoleId = r.RoleId
      WHERE (UserFilter IS NULL
      OR u.UserCode LIKE CONCAT('%', UserFilter, '%')
      OR u.Email LIKE CONCAT('%', UserFilter, '%')
      OR u.FullName LIKE CONCAT('%', UserFilter, '%')
      OR d.DepartmentName LIKE CONCAT('%', UserFilter, '%')
      OR r.RoleName LIKE CONCAT('%', UserFilter, '%'))
      AND (RoleId IS NULL
      OR r.RoleId = RoleId)
      GROUP BY u.UserId));

  SET TotalRecord = (SELECT
      COUNT(UserId)
    FROM UserFilters);
  SET TotalPage = CEILING(TotalRecord / IFNULL(PageSize, TotalRecord));
  SET @offset = PageSize * (PageIndex - 1);
  SET @query = CONCAT('Select * from UserFilters u Order by u.ModifiedDate DESC ');
  IF PageSize IS NOT NULL THEN
    SET @query = CONCAT(@query, ' LIMIT ', @offset, ',', IFNULL(PageSize, TotalRecord));
  END IF;
  PREPARE queryTemp FROM @query;
  EXECUTE queryTemp;
  DEALLOCATE PREPARE queryTemp;

  DROP TEMPORARY TABLE IF EXISTS UserFilters;
END
$$

DELIMITER ;

--
-- Create table `user`
--
CREATE TABLE user (
  UserID char(36) NOT NULL DEFAULT '',
  UserCode varchar(20) NOT NULL DEFAULT '',
  RoleID char(36) DEFAULT NULL,
  FullName varchar(100) DEFAULT NULL,
  Address varchar(255) DEFAULT NULL,
  Password varchar(255) DEFAULT NULL,
  PhoneNumber varchar(25) DEFAULT NULL,
  Email varchar(50) DEFAULT NULL,
  AvartarColor text DEFAULT NULL,
  DepartmentID char(36) DEFAULT NULL,
  CreatedDate datetime DEFAULT NULL,
  CreatedBy varchar(100) DEFAULT NULL,
  ModifiedDate datetime DEFAULT NULL,
  ModifiedBy varchar(100) DEFAULT NULL,
  PRIMARY KEY (UserID)
)
ENGINE = INNODB,
AVG_ROW_LENGTH = 491,
CHARACTER SET utf8mb3,
COLLATE utf8mb3_general_ci,
COMMENT = 'Bảng người dùng';

--
-- Create index `IDX_user_Email` on table `user`
--
ALTER TABLE user
ADD INDEX IDX_user_Email (Email);

--
-- Create index `IDX_user_FullName` on table `user`
--
ALTER TABLE user
ADD INDEX IDX_user_FullName (FullName);

--
-- Create index `UK_user_UserCode` on table `user`
--
ALTER TABLE user
ADD UNIQUE INDEX UK_user_UserCode (UserCode);

--
-- Create foreign key
--
ALTER TABLE user
ADD CONSTRAINT FK_user_DepartmentID FOREIGN KEY (DepartmentID)
REFERENCES department (DepartmentID) ON DELETE CASCADE ON UPDATE CASCADE;

--
-- Create foreign key
--
ALTER TABLE user
ADD CONSTRAINT FK_user_RoleId FOREIGN KEY (RoleID)
REFERENCES role (RoleId) ON DELETE CASCADE ON UPDATE CASCADE;

--
-- Create table `subject`
--
CREATE TABLE subject (
  SubjectID char(36) NOT NULL DEFAULT '',
  SubjectCode varchar(255) NOT NULL DEFAULT '',
  SubjectName varchar(255) NOT NULL DEFAULT '',
  DepartmentID char(36) NOT NULL DEFAULT '',
  Credits int DEFAULT NULL,
  LessonSummary int DEFAULT NULL,
  CreatedBy varchar(255) DEFAULT NULL,
  CreatedDate datetime DEFAULT CURRENT_TIMESTAMP,
  ModifiedBy varchar(255) DEFAULT NULL,
  ModifiedDate datetime DEFAULT NULL,
  PRIMARY KEY (SubjectID)
)
ENGINE = INNODB,
AVG_ROW_LENGTH = 5461,
CHARACTER SET utf8mb3,
COLLATE utf8mb3_general_ci,
COMMENT = 'Danh sách môn học';

--
-- Create foreign key
--
ALTER TABLE subject
ADD CONSTRAINT subject_ibfk_1 FOREIGN KEY (DepartmentID)
REFERENCES department (DepartmentID);

--
-- Create table `roomtype`
--
CREATE TABLE roomtype (
  RoomTypeID char(36) NOT NULL DEFAULT '',
  RoomTypeCode varchar(20) DEFAULT NULL,
  RoomTypeName varchar(255) DEFAULT NULL,
  CreatedDate datetime DEFAULT NULL,
  CreatedBy varchar(100) DEFAULT NULL,
  ModifiedDate datetime DEFAULT NULL,
  ModifiedBy varchar(100) DEFAULT NULL,
  PRIMARY KEY (RoomTypeID)
)
ENGINE = INNODB,
CHARACTER SET utf8mb3,
COLLATE utf8mb3_general_ci;

--
-- Create table `building`
--
CREATE TABLE building (
  BuildingID char(36) NOT NULL DEFAULT '',
  BuildingCode varchar(20) DEFAULT NULL,
  BuildingName varchar(255) DEFAULT NULL,
  CreatedDate datetime DEFAULT NULL,
  CreatedBy varchar(100) DEFAULT NULL,
  ModifiedDate datetime DEFAULT NULL,
  ModifiedBy varchar(255) DEFAULT NULL,
  PRIMARY KEY (BuildingID)
)
ENGINE = INNODB,
AVG_ROW_LENGTH = 1489,
CHARACTER SET utf8mb3,
COLLATE utf8mb3_general_ci;

--
-- Create table `room`
--
CREATE TABLE room (
  RoomID char(36) NOT NULL DEFAULT '',
  RoomCode varchar(20) DEFAULT NULL,
  RoomTypeID char(36) DEFAULT NULL,
  RoomName varchar(255) DEFAULT NULL,
  Capacity int DEFAULT NULL COMMENT 'Sức chứa',
  RoomStatus int DEFAULT 1 COMMENT '1 - đang hoạt động, 2- bảo trì',
  AdminID char(36) DEFAULT NULL,
  BuildingID char(36) DEFAULT NULL,
  CreatedDate datetime DEFAULT NULL,
  CreatedBy varchar(100) DEFAULT NULL,
  ModifiedDate datetime DEFAULT NULL,
  ModifiedBy varchar(255) DEFAULT NULL,
  ListEquipmentID text DEFAULT NULL,
  ListEquipmentName text DEFAULT NULL,
  AdminName varchar(100) DEFAULT NULL,
  AdminEmail varchar(50) DEFAULT NULL,
  SupporterID char(36) DEFAULT NULL,
  SupporterName varchar(100) DEFAULT NULL,
  SupporterEmail varchar(50) DEFAULT NULL,
  AvartarAdmin text DEFAULT NULL,
  AvartarSupporter text DEFAULT NULL,
  PRIMARY KEY (RoomID)
)
ENGINE = INNODB,
AVG_ROW_LENGTH = 374,
CHARACTER SET utf8mb3,
COLLATE utf8mb3_general_ci;

--
-- Create index `IDX_room_BuildingID` on table `room`
--
ALTER TABLE room
ADD INDEX IDX_room_BuildingID (BuildingID);

--
-- Create index `IDX_room_RoomName` on table `room`
--
ALTER TABLE room
ADD INDEX IDX_room_RoomName (RoomName);

--
-- Create index `UK_room_RoomID` on table `room`
--
ALTER TABLE room
ADD UNIQUE INDEX UK_room_RoomID (RoomID);

--
-- Create foreign key
--
ALTER TABLE room
ADD CONSTRAINT FK_room_BuildingID FOREIGN KEY (BuildingID)
REFERENCES building (BuildingID) ON DELETE CASCADE ON UPDATE CASCADE;

--
-- Create foreign key
--
ALTER TABLE room
ADD CONSTRAINT FK_room_RoomTypeID FOREIGN KEY (RoomTypeID)
REFERENCES roomtype (RoomTypeID) ON DELETE CASCADE ON UPDATE CASCADE;

--
-- Create table `bookingroom`
--
CREATE TABLE bookingroom (
  BookingRoomID char(36) NOT NULL DEFAULT '',
  UserID char(36) NOT NULL DEFAULT '',
  RoomID char(36) NOT NULL DEFAULT '',
  DayOfWeek varchar(255) DEFAULT NULL,
  DateRequest date DEFAULT NULL,
  StatusBooking int DEFAULT 1 COMMENT '1 - chờ duyệt, 2 - Đồng ý, 3 - từ chối',
  Subject text DEFAULT NULL COMMENT 'Mục đích',
  YearPlan int DEFAULT NULL,
  Description text DEFAULT NULL,
  CreatedDate datetime DEFAULT NULL,
  CreatedBy varchar(100) DEFAULT NULL,
  ModifiedDate datetime DEFAULT NULL,
  ModifiedBy varchar(255) DEFAULT NULL,
  TimeSlots text DEFAULT NULL,
  RefusalReason text DEFAULT NULL,
  StartDate datetime DEFAULT NULL,
  EndDate datetime DEFAULT NULL,
  TimeSlotName text DEFAULT NULL,
  Quantity int DEFAULT NULL,
  OrderId char(36) DEFAULT NULL,
  AmountUser decimal(22, 4) DEFAULT NULL,
  LessonID char(36) DEFAULT NULL,
  Lesson varchar(255) DEFAULT NULL,
  SubjectID char(36) DEFAULT NULL,
  ClassID char(36) DEFAULT NULL,
  PRIMARY KEY (BookingRoomID)
)
ENGINE = INNODB,
AVG_ROW_LENGTH = 534,
CHARACTER SET utf8mb3,
COLLATE utf8mb3_general_ci;

--
-- Create index `UK_bookingroom_BookingRoomID` on table `bookingroom`
--
ALTER TABLE bookingroom
ADD UNIQUE INDEX UK_bookingroom_BookingRoomID (BookingRoomID);

--
-- Create foreign key
--
ALTER TABLE bookingroom
ADD CONSTRAINT FK_bookingroom_RoomID FOREIGN KEY (RoomID)
REFERENCES room (RoomID) ON DELETE CASCADE ON UPDATE CASCADE;

--
-- Create foreign key
--
ALTER TABLE bookingroom
ADD CONSTRAINT FK_bookingroom_UserID FOREIGN KEY (UserID)
REFERENCES user (UserID);

DELIMITER $$

--
-- Create procedure `Proc_UpdatePayment`
--
CREATE DEFINER = 'root'@'localhost'
PROCEDURE Proc_UpdatePayment (IN $OrderId char(36))
BEGIN
  UPDATE bookingroom b
  SET b.StatusBooking = 1
  WHERE b.OrderId = $OrderId;


END
$$

--
-- Create procedure `Proc_GetBookingRoomByID`
--
CREATE DEFINER = 'root'@'localhost'
PROCEDURE Proc_GetBookingRoomByID (IN BookingRoomID char(36))
BEGIN
  SELECT
    b.BookingRoomID,
    b.UserID,
    b.RoomID,
    b.DayOfWeek,
    b.DateRequest,
    b.StatusBooking,
    b.Subject,
    b.YearPlan,
    b.Description,
    b.TimeSlots,
    b.Quantity

  FROM bookingroom b
  WHERE b.BookingRoomID = BookingRoomID;

END
$$

DELIMITER ;

--
-- Create table `equipmenttype`
--
CREATE TABLE equipmenttype (
  EquipmentTypeID char(36) NOT NULL DEFAULT '',
  EquipmentTypeName varchar(255) DEFAULT NULL,
  EquipmentTypeCode varchar(20) DEFAULT NULL,
  CreatedDate datetime DEFAULT NULL,
  CraetedBy varchar(100) DEFAULT NULL,
  ModifiedDate datetime DEFAULT NULL,
  ModifiedBy varchar(100) DEFAULT NULL,
  PRIMARY KEY (EquipmentTypeID)
)
ENGINE = INNODB,
AVG_ROW_LENGTH = 5461,
CHARACTER SET utf8mb3,
COLLATE utf8mb3_general_ci;

--
-- Create table `equipment`
--
CREATE TABLE equipment (
  EquipmentID char(36) NOT NULL DEFAULT '',
  EquipmentCode varchar(255) DEFAULT NULL,
  EquipmentName varchar(255) DEFAULT NULL,
  EquipmentTypeID char(36) NOT NULL DEFAULT '',
  CreatedDate datetime DEFAULT NULL,
  CreatedBy varchar(100) DEFAULT NULL,
  ModifiedDate datetime DEFAULT NULL,
  ModifiedBy varchar(100) DEFAULT NULL,
  PRIMARY KEY (EquipmentID)
)
ENGINE = INNODB,
AVG_ROW_LENGTH = 3276,
CHARACTER SET utf8mb3,
COLLATE utf8mb3_general_ci;

--
-- Create index `IDX_equipment_EquipmentCode` on table `equipment`
--
ALTER TABLE equipment
ADD INDEX IDX_equipment_EquipmentCode (EquipmentCode);

--
-- Create index `IDX_equipment_EquipmentName` on table `equipment`
--
ALTER TABLE equipment
ADD INDEX IDX_equipment_EquipmentName (EquipmentName);

--
-- Create index `UK_equipment_EquipmentID` on table `equipment`
--
ALTER TABLE equipment
ADD UNIQUE INDEX UK_equipment_EquipmentID (EquipmentID);

--
-- Create foreign key
--
ALTER TABLE equipment
ADD CONSTRAINT FK_equipment_EquipmentTypeID FOREIGN KEY (EquipmentTypeID)
REFERENCES equipmenttype (EquipmentTypeID) ON DELETE CASCADE ON UPDATE CASCADE;

--
-- Create table `roomequipment`
--
CREATE TABLE roomequipment (
  RoomID char(36) NOT NULL DEFAULT '',
  EquipmentID char(36) NOT NULL DEFAULT '',
  Quatily int DEFAULT NULL,
  CreatedDate datetime DEFAULT NULL,
  CreatedBy varchar(100) DEFAULT NULL,
  ModifiedDate datetime DEFAULT NULL,
  ModifiedBy varchar(100) DEFAULT NULL,
  PRIMARY KEY (RoomID, EquipmentID)
)
ENGINE = INNODB,
AVG_ROW_LENGTH = 1638,
CHARACTER SET utf8mb3,
COLLATE utf8mb3_general_ci;

--
-- Create foreign key
--
ALTER TABLE roomequipment
ADD CONSTRAINT FK_roomequipment_EquipmentID FOREIGN KEY (EquipmentID)
REFERENCES equipment (EquipmentID) ON DELETE CASCADE;

--
-- Create foreign key
--
ALTER TABLE roomequipment
ADD CONSTRAINT FK_roomequipment_RoomID FOREIGN KEY (RoomID)
REFERENCES room (RoomID) ON DELETE CASCADE;

DELIMITER $$

--
-- Create procedure `Proc_GetSchedulerBooking`
--
CREATE DEFINER = 'root'@'localhost'
PROCEDURE Proc_GetSchedulerBooking (IN BuildingID char(36), IN UserID char(36), IN RoomID char(36), IN ListEquipment text, IN CapacityMin int, IN CapacityMax int, IN PageSize int, IN PageIndex int, OUT TotalRecord int, OUT TotalPage int)
BEGIN
  DECLARE $offset int DEFAULT 0;
  SET $offset = PageSize * (PageIndex - 1);
  CREATE TEMPORARY TABLE IF NOT EXISTS SchedulerBooking (
    BookingRoomID char(36),
    RoomID char(36),
    RoomName varchar(255),
    FullName varchar(255),
    Quantity int,
    RoomStatus int,
    EndDate datetime,
    StartDate datetime,
    AvartarColor text,
    Subject varchar(255),
    Description text,
    TimeSlots text,
    StatusBooking text
  );
  IF ListEquipment IS NOT NULL THEN
    INSERT INTO SchedulerBooking
      SELECT
      DISTINCT
        b.BookingRoomID,
        r.RoomID,
        r.RoomName,
        u.FullName,
        b.Quantity,
        r.RoomStatus,
        b.EndDate,
        b.StartDate,
        u.AvartarColor,
        b.Subject,
        b.Description,
        b.TimeSlots,
        b.StatusBooking
      FROM bookingroom b
        LEFT JOIN (SELECT
            room.*
          FROM room
          WHERE NOT EXISTS (SELECT
              *
            FROM JSON_TABLE (ListEquipment, "$[*]" COLUMNS (equipment_id varchar(255) PATH "$")) AS e
            WHERE NOT EXISTS (SELECT
                *
              FROM roomequipment
              WHERE roomequipment.RoomID = room.RoomID
              AND roomequipment.EquipmentID = e.equipment_id)) LIMIT $offset, PageSize) AS r
          ON b.RoomID = r.RoomID
        JOIN user u
          ON b.UserID = u.UserID
        JOIN building b1
          ON r.BuildingID = b1.BuildingID
      WHERE ((BuildingID IS NULL
      OR BuildingID = b1.BuildingID)
      AND (RoomID IS NULL
      OR RoomID = b.RoomID)
      AND (UserID IS NULL
      OR UserID = b.UserID)
      AND (r.Capacity BETWEEN IFNULL(CapacityMin, 0) AND IFNULL(CapacityMax, 5000)))
      AND b.StatusBooking != 4;
  ELSE

    INSERT INTO SchedulerBooking
      SELECT
      DISTINCT
        b.BookingRoomID,
        r.RoomID,
        r.RoomName,
        u.FullName,
        b.Quantity,
        r.RoomStatus,
        b.EndDate,
        b.StartDate,
        u.AvartarColor,
        b.Subject,
        b.Description,
        b.TimeSlots,
        b.StatusBooking
      FROM bookingroom b
        JOIN room r
          ON b.RoomID = r.RoomID
        JOIN user u
          ON b.UserID = u.UserID
        JOIN building b1
          ON r.BuildingID = b1.BuildingID
      WHERE ((BuildingID IS NULL
      OR BuildingID = b1.BuildingID)
      AND (RoomID IS NULL
      OR RoomID = b.RoomID)
      AND (UserID IS NULL
      OR UserID = b.UserID)
      AND (r.Capacity BETWEEN IFNULL(CapacityMin, 0) AND IFNULL(CapacityMax, 5000)))
      AND b.StatusBooking != 4;
  END IF;


  CREATE TEMPORARY TABLE IF NOT EXISTS tmpRoomResult (
    RoomID char(36),
    RoomCode varchar(20),
    RoomName varchar(255),
    Capacity int,
    ListEquipmentName varchar(5000),
    AvartarAdmin text,
    AdminName varchar(255),
    AdminEmail varchar(50)
  );
  INSERT INTO tmpRoomResult
    SELECT
      r.RoomID,
      r.RoomCode,
      r.RoomName,
      r.Capacity,
      r.ListEquipmentName,
      r.AvartarAdmin,
      r.AdminName,
      r.AdminEmail
    FROM (SELECT
        room.*
      FROM room
      WHERE NOT EXISTS (SELECT
          *
        FROM JSON_TABLE (ListEquipment, "$[*]" COLUMNS (equipment_id varchar(255) PATH "$")) AS e
        WHERE NOT EXISTS (SELECT
            *
          FROM roomequipment
          WHERE roomequipment.RoomID = room.RoomID
          AND roomequipment.EquipmentID = e.equipment_id))) AS r
    WHERE (BuildingID IS NULL
    OR r.BuildingID = BuildingID)
    AND (RoomID IS NULL
    OR r.RoomID = RoomID)
    AND (r.Capacity BETWEEN IFNULL(CapacityMin, 0) AND IFNULL(CapacityMax, 5000))
    ORDER BY r.RoomName;

  SELECT
  DISTINCT
    *
  FROM SchedulerBooking a
    INNER JOIN (SELECT
        *
      FROM tmpRoomResult
      LIMIT $offset, PageSize) r
      ON r.RoomID = a.RoomID;
  SELECT
    *
  FROM tmpRoomResult AS Room
  LIMIT $offset, PageSize
  ;
  SET TotalRecord = (SELECT
      COUNT(*)
    FROM tmpRoomResult);
  SET TotalPage = CEILING(TotalRecord / IFNULL(PageSize, TotalRecord));
  DROP TABLE IF EXISTS tmpRoomResult;
END
$$

DELIMITER ;

--
-- Create table `class`
--
CREATE TABLE class (
  ClassID char(36) NOT NULL DEFAULT '',
  ClassCode varchar(255) DEFAULT NULL,
  ClassName varchar(255) DEFAULT NULL,
  Description text DEFAULT NULL,
  CreatedDate datetime DEFAULT NULL,
  CreatedBy varchar(100) DEFAULT NULL,
  ModifiedDate datetime DEFAULT NULL,
  ModifiedBy varchar(255) DEFAULT NULL,
  BudgerYear int DEFAULT NULL,
  Quantity int DEFAULT NULL,
  PRIMARY KEY (ClassID)
)
ENGINE = INNODB,
AVG_ROW_LENGTH = 534,
CHARACTER SET utf8mb3,
COLLATE utf8mb3_general_ci;

--
-- Create table `subjectregistration`
--
CREATE TABLE subjectregistration (
  SubjectRegistrationID char(36) NOT NULL DEFAULT '',
  SubjectRegistrationCode varchar(255) DEFAULT NULL,
  SubjectRegistrationName varchar(255) DEFAULT NULL,
  Description text DEFAULT NULL,
  CreatedDate datetime DEFAULT NULL,
  CreatedBy varchar(100) DEFAULT NULL,
  ModifiedDate datetime DEFAULT NULL,
  ModifiedBy varchar(255) DEFAULT NULL,
  BudgerYear int DEFAULT NULL,
  Quantity int DEFAULT NULL,
  ClassID char(36) NOT NULL,
  DepartmentID char(36) NOT NULL,
  UserID char(36) DEFAULT NULL,
  StartDate datetime DEFAULT NULL,
  EndDate datetime DEFAULT NULL,
  SubjectID varchar(255) DEFAULT NULL,
  PRIMARY KEY (SubjectRegistrationID)
)
ENGINE = INNODB,
AVG_ROW_LENGTH = 534,
CHARACTER SET utf8mb3,
COLLATE utf8mb3_general_ci;

--
-- Create index `UK_room_RoomID` on table `subjectregistration`
--
ALTER TABLE subjectregistration
ADD UNIQUE INDEX UK_room_RoomID (SubjectRegistrationCode);

--
-- Create foreign key
--
ALTER TABLE subjectregistration
ADD CONSTRAINT FK_room_ClassID FOREIGN KEY (ClassID)
REFERENCES class (ClassID) ON DELETE CASCADE ON UPDATE CASCADE;

--
-- Create foreign key
--
ALTER TABLE subjectregistration
ADD CONSTRAINT FK_room_DepartmentID FOREIGN KEY (DepartmentID)
REFERENCES department (DepartmentID) ON DELETE CASCADE ON UPDATE CASCADE;

--
-- Create foreign key
--
ALTER TABLE subjectregistration
ADD CONSTRAINT FK_room_SubjectID FOREIGN KEY (SubjectID)
REFERENCES subject (SubjectID) ON DELETE CASCADE ON UPDATE CASCADE;

--
-- Create foreign key
--
ALTER TABLE subjectregistration
ADD CONSTRAINT FK_room_UserID FOREIGN KEY (UserID)
REFERENCES user (UserID) ON DELETE CASCADE ON UPDATE CASCADE;

DELIMITER $$

--
-- Create procedure `Proc_Get_Class_Active`
--
CREATE DEFINER = 'root'@'localhost'
PROCEDURE Proc_Get_Class_Active (IN UserID char(36), IN BudgetYear int)
BEGIN
  SELECT
    s.SubjectRegistrationID,
    u.FullName,
    d.DepartmentName,
    d.DepartmentCode,
    c.ClassName,
    c.ClassID,
    s1.SubjectName,
    s1.SubjectCode,
    s1.SubjectID
  FROM subjectregistration s
    INNER JOIN class c
      ON s.ClassID = c.ClassID
    INNER JOIN department d
      ON s.DepartmentID = d.DepartmentID
    INNER JOIN user u
      ON s.UserID = u.UserID
    INNER JOIN Subject s1
      ON s.SubjectID = s1.SubjectID
  WHERE s.UserID = UserID
  AND s.BudgerYear = BudgetYear;

END
$$

DELIMITER ;

--
-- Create table `student`
--
CREATE TABLE student (
  StudentID char(36) NOT NULL DEFAULT '',
  StudentCode varchar(20) DEFAULT NULL,
  FullName varchar(100) DEFAULT NULL,
  Address varchar(255) DEFAULT NULL,
  Password varchar(255) DEFAULT NULL,
  PhoneNumber varchar(25) DEFAULT NULL,
  Email varchar(50) DEFAULT NULL,
  AvartarColor text DEFAULT NULL,
  DepartmentID char(36) DEFAULT NULL,
  CreatedDate datetime DEFAULT NULL,
  CreatedBy varchar(100) DEFAULT NULL,
  ModifiedDate datetime DEFAULT NULL,
  ModifiedBy varchar(100) DEFAULT NULL,
  ClassID char(36) NOT NULL,
  PRIMARY KEY (StudentID)
)
ENGINE = INNODB,
AVG_ROW_LENGTH = 491,
CHARACTER SET utf8mb3,
COLLATE utf8mb3_general_ci,
COMMENT = 'Bảng sinh viên';

--
-- Create index `IDX_student_Email` on table `student`
--
ALTER TABLE student
ADD INDEX IDX_student_Email (Email);

--
-- Create index `IDX_student_FullName` on table `student`
--
ALTER TABLE student
ADD INDEX IDX_student_FullName (FullName);

--
-- Create index `UK_student_Code` on table `student`
--
ALTER TABLE student
ADD UNIQUE INDEX UK_student_Code (StudentCode);

--
-- Create foreign key
--
ALTER TABLE student
ADD CONSTRAINT FK_student_DepartmentID FOREIGN KEY (DepartmentID)
REFERENCES department (DepartmentID) ON DELETE CASCADE ON UPDATE CASCADE;

--
-- Create foreign key
--
ALTER TABLE student
ADD CONSTRAINT FK_student_StudentID FOREIGN KEY (ClassID)
REFERENCES class (ClassID) ON DELETE CASCADE ON UPDATE CASCADE;

--
-- Create table `checkstudent`
--
CREATE TABLE checkstudent (
  ID int NOT NULL AUTO_INCREMENT,
  DateRequest date DEFAULT NULL,
  StudentCode varchar(20) DEFAULT NULL,
  CreatedDate datetime DEFAULT CURRENT_TIMESTAMP,
  CreatedBy varchar(100) DEFAULT 'bqdiep',
  ModifiedDate datetime DEFAULT CURRENT_TIMESTAMP,
  ModifiedBy varchar(100) DEFAULT 'bqdiep',
  Status bit(1) DEFAULT b'0',
  StudentID char(36) DEFAULT NULL,
  SubjectID char(36) DEFAULT NULL,
  ClassID char(36) DEFAULT NULL,
  BookingRoomID char(36) DEFAULT NULL,
  PRIMARY KEY (ID)
)
ENGINE = INNODB,
AUTO_INCREMENT = 42,
AVG_ROW_LENGTH = 491,
CHARACTER SET utf8mb3,
COLLATE utf8mb3_general_ci,
COMMENT = 'Bảng điểm danh';

--
-- Create foreign key
--
ALTER TABLE checkstudent
ADD CONSTRAINT FK_Booking FOREIGN KEY (BookingRoomID)
REFERENCES bookingroom (BookingRoomID) ON DELETE CASCADE ON UPDATE CASCADE;

--
-- Create foreign key
--
ALTER TABLE checkstudent
ADD CONSTRAINT FK_checkstudent_ClassID FOREIGN KEY (ClassID)
REFERENCES class (ClassID) ON DELETE CASCADE ON UPDATE CASCADE;

--
-- Create foreign key
--
ALTER TABLE checkstudent
ADD CONSTRAINT FK_checkstudent_StudentID FOREIGN KEY (StudentID)
REFERENCES student (StudentID) ON DELETE CASCADE ON UPDATE CASCADE;

--
-- Create foreign key
--
ALTER TABLE checkstudent
ADD CONSTRAINT FK_student_subject FOREIGN KEY (SubjectID)
REFERENCES subject (SubjectID) ON DELETE CASCADE ON UPDATE CASCADE;

DELIMITER $$

--
-- Create procedure `Proc_Attendance`
--
CREATE DEFINER = 'root'@'localhost'
PROCEDURE Proc_Attendance (IN BookingRoomID char(36), IN ClassID char(36), IN DateTime date, IN SubjectID char(36), IN UserID char(36))
BEGIN

  SELECT
    b.BookingRoomID,
    b.UserID,
    b.DateRequest,
    s.StudentCode,
    s.FullName,
    b.ClassID,
    c.ClassCode,
    c.ClassName,
    s.StudentID,
    b.SubjectID,
    s1.SubjectName,
    c1.Status,
    b.StartDate,
    b.TimeSlots,
    b.Subject
  FROM bookingroom b
    INNER JOIN class c
      ON b.ClassID = c.ClassID
    INNER JOIN student s
      ON c.ClassID = s.ClassID
    INNER JOIN Subject s1
      ON b.SubjectID = s1.SubjectID
    LEFT JOIN checkstudent c1
      ON s.StudentID = c1.StudentID
      AND b.SubjectID = c1.SubjectID
      AND c1.DateRequest = DateTime
      AND b.BookingRoomID = c1.BookingRoomID
  WHERE b.UserID = UserID
  AND (b.StartDate = DateTime)
  AND (b.ClassID IS NOT NULL
  AND b.SubjectID IS NOT NULL)
  AND (ClassID IS NULL
  OR ClassID = ''
  OR b.ClassID = ClassID)
  AND (SubjectID IS NULL
  OR SubjectID = ''
  OR b.SubjectID = SubjectID)
  AND b.StatusBooking = 2
  AND IF(BookingRoomID <> '', b.BookingRoomID = BookingRoomID, TRUE)
  ;
END
$$

DELIMITER ;

--
-- Create table `timeslot`
--
CREATE TABLE timeslot (
  TimeSlotID char(36) NOT NULL DEFAULT '',
  TimeSlotName int DEFAULT NULL,
  StartTime time DEFAULT NULL,
  EndTime time DEFAULT NULL,
  CreatedDate datetime DEFAULT NULL,
  CreatedBy varchar(100) DEFAULT NULL,
  ModifiedDate datetime DEFAULT NULL,
  ModifiedBy varchar(100) DEFAULT NULL,
  PRIMARY KEY (TimeSlotID)
)
ENGINE = INNODB,
AVG_ROW_LENGTH = 3276,
CHARACTER SET utf8mb3,
COLLATE utf8mb3_general_ci;

DELIMITER $$

--
-- Create procedure `Proc_GetRoomPaging`
--
CREATE DEFINER = 'root'@'localhost'
PROCEDURE Proc_GetRoomPaging ($Date text, $RoomCode varchar(20), $BuildingName varchar(255), $Type int)
BEGIN
  IF $Type = 1 THEN
  BEGIN
    SELECT
      c.UserID,
      a.RoomCode,
      a.BuildingName,
      a.RoomName,
      a.Capacity,
      a.RoomStatus,
      a.TimeSlotName,
      a.StartTime,
      a.EndTime,
      a.Date,
      'Còn trống' isOpen
    FROM (SELECT
        r.RoomID,
        r.RoomCode,
        r.RoomTypeID,
        r.RoomName,
        r.Capacity,
        r.RoomStatus,
        t.TimeSlotID,
        t.TimeSlotName,
        t.StartTime,
        t.EndTime,
        b1.BuildingID,
        b1.BuildingCode,
        b1.BuildingName,
        b.Date
      FROM room r
        CROSS JOIN timeslot t
        JOIN building b1
          ON r.BuildingID = b1.BuildingID
        CROSS JOIN (SELECT
            Date
          FROM JSON_TABLE ($Date, '$[*]' COLUMNS (Date datetime PATH '$')) AS d) b) a
      LEFT JOIN bookingroom c
        ON a.RoomID = c.RoomID
        AND a.TimeSlotID = c.TimeSlotID
        AND DATEDIFF(c.DateBooking, a.Date) = 0
    WHERE c.UserID IS NULL
    AND (a.RoomCode = $RoomCode
    OR $RoomCode = 'All')
    AND (a.BuildingName = $BuildingName
    OR $BuildingName = 'All')
    ORDER BY a.Date, a.RoomCode, a.BuildingName, a.TimeSlotID;
  END;
  ELSEIF $Type = 2 THEN
  BEGIN
    SELECT DISTINCT
      b.UserID,
      r.RoomCode,
      b1.BuildingName,
      r.RoomName,
      r.Capacity,
      r.RoomStatus,
      t.TimeSlotName,
      t.StartTime,
      t.EndTime,
      b.DateBooking AS Date,
      'Đang sử dụng' isOpen
    FROM bookingroom b
      INNER JOIN room r
        ON b.RoomID = r.RoomID
      INNER JOIN timeslot t
        ON b.TimeSlotID = t.TimeSlotID
      INNER JOIN building b1
        ON r.BuildingID = b1.BuildingID
    WHERE (r.RoomCode = $RoomCode
    OR $RoomCode = 'All')
    AND (b1.BuildingName = $BuildingName
    OR $BuildingName = 'All')
    ORDER BY Date, r.RoomCode, b1.BuildingName;
  END;
  ELSEIF $Type = 3 THEN
  BEGIN
    SELECT
      c.UserID,
      a.RoomCode,
      a.BuildingName,
      a.RoomName,
      a.Capacity,
      a.RoomStatus,
      a.TimeSlotName,
      a.StartTime,
      a.EndTime,
      a.Date,
      'Còn trống' isOpen
    FROM (SELECT
        r.RoomID,
        r.RoomCode,
        r.RoomTypeID,
        r.RoomName,
        r.Capacity,
        r.RoomStatus,
        t.TimeSlotID,
        t.TimeSlotName,
        t.StartTime,
        t.EndTime,
        b1.BuildingID,
        b1.BuildingCode,
        b1.BuildingName,
        b.Date
      FROM room r
        CROSS JOIN timeslot t
        JOIN building b1
          ON r.BuildingID = b1.BuildingID
        CROSS JOIN (SELECT
            Date
          FROM JSON_TABLE ($Date, '$[*]' COLUMNS (Date datetime PATH '$')) AS d) b) a
      LEFT JOIN bookingroom c
        ON a.RoomID = c.RoomID
        AND a.TimeSlotID = c.TimeSlotID
        AND DATEDIFF(c.DateBooking, a.Date) = 0
    WHERE (a.RoomCode = $RoomCode
    OR $RoomCode = 'All')
    AND (a.BuildingName = $BuildingName
    OR $BuildingName = 'All')

    UNION
    SELECT DISTINCT
      b.UserID,
      r.RoomCode,
      b1.BuildingName,
      r.RoomName,
      r.Capacity,
      r.RoomStatus,
      t.TimeSlotName,
      t.StartTime,
      t.EndTime,
      b.DateBooking AS Date,
      'Đang sử dụng' isOpen
    FROM bookingroom b
      INNER JOIN room r
        ON b.RoomID = r.RoomID
      INNER JOIN timeslot t
        ON b.TimeSlotID = t.TimeSlotID
      INNER JOIN building b1
        ON r.BuildingID = b1.BuildingID
    WHERE (r.RoomCode = $RoomCode
    OR $RoomCode = 'All')
    AND (b1.BuildingName = $BuildingName
    OR $BuildingName = 'All');
  END;
  END IF;


END
$$

DELIMITER ;

--
-- Create table `timebooking`
--
CREATE TABLE timebooking (
  TimeSlotID char(36) NOT NULL DEFAULT '',
  BookingRoomID char(36) NOT NULL DEFAULT '',
  CreatedBy varchar(100) DEFAULT NULL,
  CreatedDate datetime DEFAULT NULL,
  ModifiedDate datetime DEFAULT NULL,
  ModifiedBy varchar(100) DEFAULT NULL,
  PRIMARY KEY (BookingRoomID, TimeSlotID)
)
ENGINE = INNODB,
AVG_ROW_LENGTH = 178,
CHARACTER SET utf8mb3,
COLLATE utf8mb3_general_ci,
COMMENT = 'Bảng chi tiết thời gian đặt phòng và đặt phòng';

--
-- Create foreign key
--
ALTER TABLE timebooking
ADD CONSTRAINT FK_timebooking_BookingRoomID FOREIGN KEY (BookingRoomID)
REFERENCES bookingroom (BookingRoomID);

--
-- Create foreign key
--
ALTER TABLE timebooking
ADD CONSTRAINT FK_timebooking_TimeSlot FOREIGN KEY (TimeSlotID)
REFERENCES timeslot (TimeSlotID);

DELIMITER $$

--
-- Create procedure `Proc_GetSchedulerRoomPaging`
--
CREATE DEFINER = 'root'@'localhost'
PROCEDURE Proc_GetSchedulerRoomPaging (IN RoomFilter varchar(255), OUT TotalRecord int, OUT TotalPage int, IN PageSize int, IN PageIndex int, ListDate text, RoomID char(36), BuildingID char(36), TimeSlotID char(36), Type int)
BEGIN
  CREATE TEMPORARY TABLE IF NOT EXISTS RoomFilters (
    UserID char(36),
    RoomCode varchar(20),
    BuildingName varchar(255),
    RoomName varchar(255),
    Capacity int,
    RoomStatus int,
    TimeSlotName int,
    StartTime time,
    EndTime time,
    Date datetime,
    IsOpen varchar(255)
  );
  IF Type = 1 THEN
  BEGIN
    INSERT INTO RoomFilters

      SELECT
        c.UserID,
        a.RoomCode,
        a.BuildingName,
        a.RoomName,
        a.Capacity,
        a.RoomStatus,
        a.TimeSlotName,
        a.StartTime,
        a.EndTime,
        a.Date,
        'Còn trống' isOpen
      FROM (SELECT
          r.RoomID,
          r.RoomCode,
          r.RoomTypeID,
          r.RoomName,
          r.Capacity,
          r.RoomStatus,
          t.TimeSlotID,
          t.TimeSlotName,
          t.StartTime,
          t.EndTime,
          b1.BuildingID,
          b1.BuildingCode,
          b1.BuildingName,
          b.Date
        FROM room r
          CROSS JOIN timeslot t
          JOIN building b1
            ON r.BuildingID = b1.BuildingID
          CROSS JOIN (SELECT
              Date
            FROM JSON_TABLE (ListDate, '$[*]' COLUMNS (Date datetime PATH '$')) AS d) b) a
        LEFT JOIN bookingroom c
          ON a.RoomID = c.RoomID
        JOIN timebooking t
          ON c.BookingRoomID = t.BookingRoomID
          AND a.TimeSlotID = t.TimeSlotID
          AND DATEDIFF(c.DateBooking, a.Date) = 0
      WHERE c.UserID IS NULL
      AND (a.RoomID = RoomID
      OR RoomID IS NULL)
      AND (a.BuildingID = BuildingID
      OR BuildingID IS NULL)
      AND (t.TimeSlotID = TimeSlotID
      OR TimeSlotID IS NULL)
      ORDER BY a.Date, a.RoomCode, a.BuildingName, a.TimeSlotID;
  END;
  ELSEIF Type = 2 THEN
  BEGIN
    INSERT INTO RoomFilters
      SELECT DISTINCT
        b.UserID,
        r.RoomCode,
        b1.BuildingName,
        r.RoomName,
        r.Capacity,
        r.RoomStatus,
        t.TimeSlotName,
        t.StartTime,
        t.EndTime,
        b.DateBooking AS Date,
        'Đang sử dụng' isOpen
      FROM bookingroom b
        JOIN timebooking t1
          ON b.BookingRoomID = t1.BookingRoomID
        INNER JOIN room r
          ON b.RoomID = r.RoomID
        INNER JOIN timeslot t
          ON t1.TimeSlotID = t.TimeSlotID
        INNER JOIN building b1
          ON r.BuildingID = b1.BuildingID
      WHERE (r.RoomID = RoomID
      OR RoomID IS NULL)
      AND (b1.BuildingID = BuildingID
      OR BuildingID IS NULL)
      AND (t1.TimeSlotID = TimeSlotID
      OR TimeSlotID IS NULL)
      ORDER BY Date, r.RoomCode, b1.BuildingName;
  END;
  ELSEIF Type = 3 THEN
  BEGIN
    INSERT INTO RoomFilters
      SELECT
        c.UserID,
        a.RoomCode,
        a.BuildingName,
        a.RoomName,
        a.Capacity,
        a.RoomStatus,
        a.TimeSlotName,
        a.StartTime,
        a.EndTime,
        a.Date,
        'Còn trống' isOpen
      FROM (SELECT
          r.RoomID,
          r.RoomCode,
          r.RoomTypeID,
          r.RoomName,
          r.Capacity,
          r.RoomStatus,
          t.TimeSlotID,
          t.TimeSlotName,
          t.StartTime,
          t.EndTime,
          b1.BuildingID,
          b1.BuildingCode,
          b1.BuildingName,
          b.Date
        FROM room r
          CROSS JOIN timeslot t
          JOIN building b1
            ON r.BuildingID = b1.BuildingID
          CROSS JOIN (SELECT
              Date
            FROM JSON_TABLE (ListDate, '$[*]' COLUMNS (Date datetime PATH '$')) AS d) b) a
        LEFT JOIN bookingroom c
          ON a.RoomID = c.RoomID
        JOIN timebooking t1
          ON c.BookingRoomID = t.BookingRoomID
          AND t.TimeSlotID = t1.TimeSlotID
          AND DATEDIFF(c.DateBooking, a.Date) = 0
      WHERE (a.RoomID = RoomID
      OR RoomID IS NULL)
      AND (a.BuildingID = BuildingID
      OR BuildingID IS NULL)
      AND (t1.TimeSlotID = TimeSlotID
      OR TimeSlotID IS NULL)
      UNION
      SELECT DISTINCT
        b.UserID,
        r.RoomCode,
        b1.BuildingName,
        r.RoomName,
        r.Capacity,
        r.RoomStatus,
        t.TimeSlotName,
        t.StartTime,
        t.EndTime,
        b.DateBooking AS Date,
        'Đang sử dụng' isOpen
      FROM bookingroom b
        JOIN timebooking t1
          ON b.BookingRoomID = t1.BookingRoomID
        INNER JOIN room r
          ON b.RoomID = r.RoomID
        INNER JOIN timeslot t
          ON t1.TimeSlotID = t.TimeSlotID
        INNER JOIN building b1
          ON r.BuildingID = b1.BuildingID
      WHERE (r.RoomID = RoomID
      OR RoomID IS NULL)
      AND (b1.BuildingID = BuildingID
      OR BuildingID IS NULL)
      AND (t1.TimeSlotID = TimeSlotID
      OR TimeSlotID IS NULL);
  END;

  END IF;

  SET TotalRecord = (SELECT
      COUNT(*)
    FROM RoomFilters);
  SET TotalPage = CEILING(TotalRecord / IFNULL(PageSize, TotalRecord));
  SET @offset = PageSize * (PageIndex - 1);
  SET @query = CONCAT('Select * from RoomFilters u ');
  IF PageSize IS NOT NULL THEN
    SET @query = CONCAT(@query, ' LIMIT ', @offset, ',', IFNULL(PageSize, TotalRecord));
  END IF;
  PREPARE queryTemp FROM @query;
  EXECUTE queryTemp;
  DEALLOCATE PREPARE queryTemp;

  DROP TEMPORARY TABLE IF EXISTS RoomFilters;

END
$$

--
-- Create procedure `Proc_GetReportBookingRoom`
--
CREATE DEFINER = 'root'@'localhost'
PROCEDURE Proc_GetReportBookingRoom (IN BookingRoomID char(36))
BEGIN
  SELECT
    *
  FROM (SELECT
      u.FullName,
      u.PhoneNumber,
      b.BookingRoomID,
      '' AS Bomon,
      d.DepartmentName AS Department,
      '' AS khoas,
      '' AS lop,
      StartDate,
      GROUP_CONCAT("Ca ", t1.TimeSlotName ORDER BY t1.TimeSlotName SEPARATOR "+") AS TimeSlotName,
      b.Quantity AS Quantity,
      '' AS soHD,
      r.RoomName,
      '' AS noinhan,
      b1.BuildingName,
      NOW() AS DateMiss,
      r.Capacity,
      b.StatusBooking,
      u.Email,
      r.AdminName,
      b.RefusalReason,
      r.SupporterName
    FROM bookingroom b
      INNER JOIN user u
        ON b.UserID = u.UserID
      INNER JOIN department d
        ON u.DepartmentID = d.DepartmentID
      INNER JOIN room r
        ON b.RoomID = r.RoomID
      INNER JOIN timebooking t
        ON b.BookingRoomID = t.BookingRoomID
      INNER JOIN timeslot t1
        ON t.TimeSlotID = t1.TimeSlotID
      INNER JOIN building b1
        ON r.BuildingID = b1.BuildingID

    WHERE b.BookingRoomID = BookingRoomID
    GROUP BY u.FullName,
             u.PhoneNumber,
             b.BookingRoomID,
             b.StartDate,
             r.RoomName,
             b1.BuildingName,
             r.Capacity,
             b.StatusBooking,
             u.Email,
             r.AdminName,
             b.RefusalReason,
             r.SupporterName
    LIMIT 1) AS a
  WHERE a.TimeSlotName IS NOT NULL;
END
$$

--
-- Create procedure `Proc_GetPagingRequestBooking`
--
CREATE DEFINER = 'root'@'localhost'
PROCEDURE Proc_GetPagingRequestBooking (IN KeyWord varchar(255), OUT TotalRecord int, OUT TotalPage int, IN PageSize int, IN PageIndex int, IN UserID char(36), IN RoleOption int, IN CurrentDate datetime, IN TimeSlotID char(36))
BEGIN
  -- Option = 1 - người dùng
  -- Option = 2 - admin
  -- Option = 3 - phụ trách phòng
  CREATE TEMPORARY TABLE IF NOT EXISTS RequestBookingFilters (
    BookingRoomID char(36),
    RoomCode varchar(20),
    UserCode varchar(20),
    RoomName varchar(255),
    FullName varchar(100),
    Description varchar(5000),
    TimeSlotName text,
    BuildingName varchar(255),
    DateRequest datetime,
    StartDate datetime,
    EndDate datetime,
    StatusBooking int,
    Subject varchar(255),
    CreatedDate datetime,
    AvartarColor text
  );
  IF RoleOption = 1 THEN
    INSERT INTO RequestBookingFilters
      SELECT
        b.BookingRoomID,
        r.RoomCode,
        u.UserCode,
        r.RoomName,
        u.FullName,
        b.Description,
        GROUP_CONCAT(CONCAT('Ca ', t.TimeSlotName) ORDER BY t.TimeSlotName SEPARATOR '+') AS TimeSlotName,
        b1.BuildingName,
        b.DateRequest,
        b.StartDate,
        b.EndDate,
        b.StatusBooking,
        b.Subject,
        b.CreatedDate,
        u.AvartarColor
      FROM bookingroom b
        JOIN user u
          ON b.UserID = u.UserID
        JOIN room r
          ON b.RoomID = r.RoomID
        JOIN building b1
          ON r.BuildingID = b1.BuildingID
        JOIN timebooking t1
          ON b.BookingRoomID = t1.BookingRoomID
        JOIN timeslot t
          ON t1.TimeSlotID = t.TimeSlotID
      WHERE (b.UserID = UserID
      || UserID IS NULL)
      AND b.StatusBooking = 1
      AND (KeyWord IS NULL
      || KeyWord = ''
      )
      AND (FIND_IN_SET(TimeSlotID, b.TimeSlots) > 0
      OR TimeSlotID IS NULL)
      AND (DATEDIFF(CurrentDate, b.StartDate) = 0
      OR CurrentDate IS NULL)
      GROUP BY b.BookingRoomID,
               r.RoomCode,
               u.UserCode,
               r.RoomName,
               u.FullName,
               b.Description,
               b1.BuildingName,
               b.DateRequest,
               b.StartDate,
               b.EndDate,
               b.StatusBooking,
               b.Subject,
               b.CreatedDate,
               u.AvartarColor,
               b.RefusalReason
      ORDER BY b.StartDate;

  ELSEIF RoleOption = 2 THEN
    INSERT INTO RequestBookingFilters
      SELECT
        b.BookingRoomID,
        r.RoomCode,
        u.UserCode,
        r.RoomName,
        u.FullName,
        b.Description,
        GROUP_CONCAT("Ca ", t.TimeSlotName ORDER BY t.TimeSlotName SEPARATOR "+") AS TimeSlotName,
        b1.BuildingName,
        b.DateRequest,
        b.StartDate,
        b.EndDate,
        b.StatusBooking,
        b.Subject,
        b.CreatedDate,
        u.AvartarColor
      FROM bookingroom b
        JOIN user u
          ON b.UserID = u.UserID
        JOIN room r
          ON b.RoomID = r.RoomID
        JOIN building b1
          ON r.BuildingID = b1.BuildingID
        JOIN timebooking t1
          ON b.BookingRoomID = t1.BookingRoomID
        JOIN timeslot t
          ON t1.TimeSlotID = t.TimeSlotID
      WHERE (r.AdminID = UserID)
      AND b.StatusBooking = 1
      AND (KeyWord IS NULL
      || KeyWord = ''
      )
      AND (FIND_IN_SET(TimeSlotID, b.TimeSlots) > 0
      OR TimeSlotID IS NULL)
      AND (DATEDIFF(CurrentDate, b.StartDate) = 0
      OR DATEDIFF(CurrentDate, b.StartDate) < 0
      OR CurrentDate IS NULL)
      GROUP BY b.BookingRoomID,
               r.RoomCode,
               u.UserCode,
               r.RoomName,
               u.FullName,
               b.Description,
               b1.BuildingName,
               b.DateRequest,
               b.StartDate,
               b.EndDate,
               b.StatusBooking,
               b.Subject,
               b.CreatedDate,
               u.AvartarColor,
               b.RefusalReason
      ORDER BY b.StartDate;
  ELSEIF RoleOption = 3 THEN
    INSERT INTO RequestBookingFilters
      SELECT
        b.BookingRoomID,
        r.RoomCode,
        u.UserCode,
        r.RoomName,
        u.FullName,
        b.Description,
        GROUP_CONCAT("Ca ", t.TimeSlotName ORDER BY t.TimeSlotName SEPARATOR "+") AS TimeSlotName,
        b1.BuildingName,
        b.DateRequest,
        b.StartDate,
        b.EndDate,
        b.StatusBooking,
        b.Subject,
        b.CreatedDate,
        u.AvartarColor
      FROM bookingroom b
        JOIN user u
          ON b.UserID = u.UserID
        JOIN room r
          ON b.RoomID = r.RoomID
        JOIN building b1
          ON r.BuildingID = b1.BuildingID
        JOIN timebooking t1
          ON b.BookingRoomID = t1.BookingRoomID
        JOIN timeslot t
          ON t1.TimeSlotID = t.TimeSlotID
      WHERE (r.SupporterID = UserID)
      AND b.StatusBooking = 2
      AND (KeyWord IS NULL
      || KeyWord = ''
      )
      AND (FIND_IN_SET(TimeSlotID, b.TimeSlots) > 0
      OR TimeSlotID IS NULL)
      AND (DATEDIFF(CurrentDate, b.StartDate) = 0
      OR CurrentDate IS NULL)
      GROUP BY b.BookingRoomID,
               r.RoomCode,
               u.UserCode,
               r.RoomName,
               u.FullName,
               b.Description,
               b1.BuildingName,
               b.DateRequest,
               b.StartDate,
               b.EndDate,
               b.StatusBooking,
               b.Subject,
               b.CreatedDate,
               u.AvartarColor,
               b.RefusalReason
      ORDER BY b.StartDate;

  END IF;
  SET TotalRecord = (SELECT
      COUNT(*)
    FROM RequestBookingFilters);
  SET TotalPage = CEILING(TotalRecord / IFNULL(PageSize, TotalRecord));
  SET @offset = PageSize * (PageIndex - 1);
  SET @query = CONCAT('Select * from RequestBookingFilters u Order by u.CreatedDate');
  IF PageSize IS NOT NULL THEN
    SET @query = CONCAT(@query, ' LIMIT ', @offset, ',', IFNULL(PageSize, TotalRecord));
  END IF;
  PREPARE queryTemp FROM @query;
  EXECUTE queryTemp;
  DEALLOCATE PREPARE queryTemp;

  DROP TEMPORARY TABLE IF EXISTS RequestBookingFilters;
END
$$

--
-- Create procedure `Proc_GetPagingHistory`
--
CREATE DEFINER = 'root'@'localhost'
PROCEDURE Proc_GetPagingHistory (IN KeyWord varchar(255), OUT TotalRecord int, OUT TotalPage int, IN PageSize int, IN PageIndex int, IN UserID char(36), IN CurrentDate datetime, IN TimeSlotID char(36))
BEGIN
  -- Option = 1 - người dùng
  -- Option = 2 - admin
  -- Option = 3 - phụ trách phòng
  CREATE TEMPORARY TABLE IF NOT EXISTS RequestBookingFilters (
    BookingRoomID char(36),
    RoomCode varchar(20),
    UserCode varchar(20),
    RoomName varchar(255),
    FullName varchar(100),
    Description varchar(5000),

    BuildingName varchar(255),
    DateRequest datetime,
    StartDate datetime,
    StatusBooking int,
    Subject varchar(255),
    CreatedDate datetime,
    AvartarColor text,
    RefusalReason text,
    TimeSlotName text
  );

  INSERT INTO RequestBookingFilters
    SELECT
      b.BookingRoomID,
      r.RoomCode,
      u.UserCode,
      r.RoomName,
      u.FullName,
      b.Description,
      b1.BuildingName,
      b.DateRequest,
      b.StartDate,
      b.StatusBooking,
      b.Subject,
      b.CreatedDate,
      u.AvartarColor,
      b.RefusalReason,
      GROUP_CONCAT(CONCAT('Ca ', t.TimeSlotName) ORDER BY t.TimeSlotName SEPARATOR '+') AS TimeSlotName
    FROM bookingroom b
      JOIN user u
        ON b.UserID = u.UserID
      JOIN room r
        ON b.RoomID = r.RoomID
      JOIN building b1
        ON r.BuildingID = b1.BuildingID
      JOIN timebooking t1
        ON b.BookingRoomID = t1.BookingRoomID
      JOIN timeslot t
        ON t1.TimeSlotID = t.TimeSlotID
    WHERE b.UserID = UserID
    AND b.StatusBooking != 1
    AND (KeyWord IS NULL
    || KeyWord = ''
    )
    AND (FIND_IN_SET(TimeSlotID, b.TimeSlots) > 0
    OR TimeSlotID IS NULL)
    AND (DATEDIFF(CurrentDate, b.StartDate) = 0
    OR CurrentDate IS NULL)
    GROUP BY b.BookingRoomID,
             r.RoomCode,
             u.UserCode,
             r.RoomName,
             u.FullName,
             b.Description,
             b1.BuildingName,
             b.DateRequest,
             b.StartDate,
             b.StatusBooking,
             b.Subject,
             b.CreatedDate,
             u.AvartarColor,
             b.RefusalReason
    ORDER BY b.StartDate;


  SET TotalRecord = (SELECT
      COUNT(*)
    FROM RequestBookingFilters);
  SET TotalPage = CEILING(TotalRecord / IFNULL(PageSize, TotalRecord));
  SET @offset = PageSize * (PageIndex - 1);
  SET @query = CONCAT('Select * from RequestBookingFilters u Order by u.CreatedDate');
  IF PageSize IS NOT NULL THEN
    SET @query = CONCAT(@query, ' LIMIT ', @offset, ',', IFNULL(PageSize, TotalRecord));
  END IF;
  PREPARE queryTemp FROM @query;
  EXECUTE queryTemp;
  DEALLOCATE PREPARE queryTemp;

  DROP TEMPORARY TABLE IF EXISTS RequestBookingFilters;
END
$$

DELIMITER ;

--
-- Create table `week`
--
CREATE TABLE week (
  WeekID char(36) NOT NULL DEFAULT '',
  WeekCode varchar(20) DEFAULT NULL,
  EndDate datetime DEFAULT NULL,
  StartDate datetime DEFAULT NULL,
  WeekName varchar(255) DEFAULT NULL,
  CreatedBy varchar(100) DEFAULT NULL,
  CreatedDate datetime DEFAULT NULL,
  ModifiedDate datetime DEFAULT NULL,
  ModifiedBy varchar(100) DEFAULT NULL,
  PRIMARY KEY (WeekID)
)
ENGINE = INNODB,
CHARACTER SET utf8mb3,
COLLATE utf8mb3_general_ci;

--
-- Create index `UK_Week_WeekCode` on table `week`
--
ALTER TABLE week
ADD UNIQUE INDEX UK_Week_WeekCode (WeekCode);

--
-- Create table `lesson`
--
CREATE TABLE lesson (
  LessonID char(36) NOT NULL DEFAULT '',
  LessonName varchar(255) DEFAULT NULL,
  StartTime time DEFAULT NULL,
  EndTime time DEFAULT NULL,
  CreatedDate datetime DEFAULT NULL,
  CreatedBy varchar(100) DEFAULT NULL,
  ModifiedDate datetime DEFAULT NULL,
  ModifiedBy varchar(100) DEFAULT NULL,
  LessonCode int DEFAULT NULL,
  PRIMARY KEY (LessonID)
)
ENGINE = INNODB,
AVG_ROW_LENGTH = 3276,
CHARACTER SET utf8mb3,
COLLATE utf8mb3_general_ci;

--
-- Create table `bookinghistory`
--
CREATE TABLE bookinghistory (
  UserID char(36) NOT NULL DEFAULT '',
  RoomID char(36) NOT NULL DEFAULT '',
  Subject text DEFAULT NULL COMMENT 'Mục đích',
  YearPlan int DEFAULT NULL,
  CCTo text DEFAULT NULL,
  Description text DEFAULT NULL,
  CreatedDate datetime DEFAULT NULL,
  CreatedBy varchar(100) DEFAULT NULL,
  ModifiedDate datetime DEFAULT NULL,
  ModifiedBy varchar(255) DEFAULT NULL,
  BookingRoomID char(36) NOT NULL DEFAULT '',
  WeekID char(36) DEFAULT NULL,
  StatusBooking int DEFAULT NULL,
  DayOfWeek varchar(255) DEFAULT NULL,
  DateRequest varchar(255) DEFAULT NULL,
  DateBooking datetime DEFAULT NULL,
  Week varchar(255) DEFAULT NULL,
  PRIMARY KEY (BookingRoomID)
)
ENGINE = INNODB,
CHARACTER SET utf8mb3,
COLLATE utf8mb3_general_ci,
COMMENT = 'Bảng lịch sử đặt phòng';

--
-- Create index `UK_bookinghistory_BookingRoomID` on table `bookinghistory`
--
ALTER TABLE bookinghistory
ADD UNIQUE INDEX UK_bookinghistory_BookingRoomID (BookingRoomID);

DELIMITER $$

--
-- Create procedure `Proc_RoomEquipment_GetPaging`
--
CREATE PROCEDURE Proc_RoomEquipment_GetPaging (IN v_Offset int, IN v_Limit int, IN v_Sort varchar(100), IN v_Where varchar(16383))
SQL SECURITY INVOKER
BEGIN
  -- =============================================
  -- Author:        BuiQuangDiep
  -- Created date:  04/06/2023
  -- Description:   Lấy danh sách phòng có phân trang
  -- Modified by:   
  -- =============================================
  -- IF NULL LÀ 1 HÀM THAM SỐ ĐẦU VÀO
  -- Tham số đầu vào thứ 2 là giá trị mặc định nếu chuỗi kiểm tra là null
  -- Nếu chuỗi kiểm tra không null thì trả vè chính nó
  IF IFNULL(v_Where, '') = '' THEN
    SET v_Where = '1=1';
  END IF;

  IF IFNULL(v_Sort, '') = '' THEN
    SET v_Sort = 'r.ModifiedDate DESC';
  END IF;

  IF v_Limit = -1 THEN
    SET @filterQuery = CONCAT('SELECT r.RoomName ,r2.RoomTypeName, b. BuildingName, GROUP_CONCAT(e.EquipmentName) as EquipmentName,r.Capacity,r.RoomStatus FROM room r INNER JOIN roomequipment r1 ON r.RoomID = r1.RoomID
INNER JOIN equipment e ON r1.EquipmentID = e.EquipmentID
INNER JOIN roomtype r2 ON r.RoomTypeID = r2.RoomTypeID
INNER JOIN building b ON r.BuildingID = b.BuildingID ', v_Where, ' ORDER BY ', v_Sort, ' GROUP BY r.RoomID');
  ELSE
    SET @filterQuery = CONCAT('SELECT r.RoomName ,r2.RoomTypeName, b. BuildingName, GROUP_CONCAT(e.EquipmentName) as EquipmentName,r.Capacity,r.RoomStatus FROM room r INNER JOIN roomequipment r1 ON r.RoomID = r1.RoomID
INNER JOIN equipment e ON r1.EquipmentID = e.EquipmentID
INNER JOIN roomtype r2 ON r.RoomTypeID = r2.RoomTypeID
INNER JOIN building b ON r.BuildingID = b.BuildingID Where ', v_Where, ' GROUP BY r.RoomID ', ' ORDER BY ', v_Sort, ' LIMIT ', v_Offset, ',', v_Limit);
  END IF;

  PREPARE filterQuery FROM @filterQuery;
  EXECUTE filterQuery;
  DEALLOCATE PREPARE filterQuery;



END
$$

--
-- Create procedure `Proc_History_Booking_GetPaging`
--
CREATE PROCEDURE Proc_History_Booking_GetPaging (IN v_Offset int, IN v_Limit int, IN v_Sort varchar(100), IN v_Where varchar(16383))
SQL SECURITY INVOKER
BEGIN
  -- =============================================
  -- Author:        BuiQuangDiep
  -- Created date:  04/06/2023
  -- Description:   Lấy danh sách lịch sử đặt phòng có phân trang
  -- Modified by:   
  -- =============================================
  -- IF NULL LÀ 1 HÀM THAM SỐ ĐẦU VÀO
  -- Tham số đầu vào thứ 2 là giá trị mặc định nếu chuỗi kiểm tra là null
  -- Nếu chuỗi kiểm tra không null thì trả vè chính nó
  IF IFNULL(v_Where, '') = '' THEN
    SET v_Where = '1=1';
  END IF;

  IF IFNULL(v_Sort, '') = '' THEN
    SET v_Sort = 'r.ModifiedDate DESC';
  END IF;

  IF v_Limit = -1 THEN
    SET @filterQuery = CONCAT('SELECT * FROM (SELECT u.UserID, u.FullName,r.RoomName,
b.Description,b.DateRequest,b.DateBooking,

IF(COUNT(*) > 0, GROUP_CONCAT("ca ", t1.TimeSlotName ORDER BY t1.TimeSlotName SEPARATOR ","), NULL) AS EquipmentName
,b.StatusBooking
 FROM bookingroom b INNER JOIN room r ON b.RoomID = r.RoomID 
INNER JOIN user u ON b.UserID = u.UserID
INNER JOIN timebooking t ON b.BookingRoomID = t.BookingRoomID
INNER JOIN timeslot t1 ON t.TimeSlotID = t1.TimeSlotID
 Where ', v_Where, ' ORDER BY ', v_Sort, ') AS a WHERE UserID is NOT NULL');
  ELSE
    SET @filterQuery = CONCAT('SELECT * FROM (SELECT u.UserID, u.FullName,r.RoomName,
b.Description,b.DateRequest,b.DateBooking,

IF(COUNT(*) > 0, GROUP_CONCAT("ca ", t1.TimeSlotName ORDER BY t1.TimeSlotName SEPARATOR ","), NULL) AS EquipmentName
,b.StatusBooking
 FROM bookingroom b INNER JOIN room r ON b.RoomID = r.RoomID 
INNER JOIN user u ON b.UserID = u.UserID
INNER JOIN timebooking t ON b.BookingRoomID = t.BookingRoomID
INNER JOIN timeslot t1 ON t.TimeSlotID = t1.TimeSlotID
 Where ', v_Where, ' ORDER BY ', v_Sort, ' LIMIT ', v_Offset, ',', v_Limit, ')AS a WHERE UserID is NOT NULL');
  END IF;
  PREPARE filterQuery FROM @filterQuery;
  EXECUTE filterQuery;
  DEALLOCATE PREPARE filterQuery;



END
$$

--
-- Create procedure `Proc_GetNewCode`
--
CREATE DEFINER = 'root'@'localhost'
PROCEDURE Proc_GetNewCode (OUT UserNewCode varchar(255))
BEGIN
  SELECT
    @maxCode := MAX(CAST(SUBSTRING(u.UserCode, LENGTH('GV-') + 1) AS SIGNED))
  FROM user u
  WHERE (
  LOCATE('GV-', u.UserCode) = 1
  AND SUBSTRING(u.UserCode, LENGTH('GV-') + 1) REGEXP '^[0-9]+$');


  IF @maxCode >= 9999 THEN
    SET UserNewCode = CONCAT('GV-', @maxCode + 1);
  ELSE
    SET UserNewCode = CONCAT('GV-', LPAD(IFNULL(@maxCode, 0) + 1, 4, 0));
  END IF;
END
$$

--
-- Create procedure `Proc_GetEntityPaging`
--
CREATE DEFINER = 'root'@'localhost'
PROCEDURE Proc_GetEntityPaging (IN TableName varchar(255), IN Properties text, IN FilterName varchar(255), IN PageSize int, IN PageIndex int)
BEGIN
  SET @offset = PageSize * (PageIndex - 1);
  IF TableName NOT IN ('BookingHistory', 'BookingRoom') THEN
    SET @query = CONCAT('SELECT ', Properties,
    ' FROM ', TableName, ' Where ', TableName, '.', TableName, 'Name LIKE', '"%', FilterName, '%"',
    ' LIMIT ', @offset, ',', PageSize);
  ELSE
    SET @query = CONCAT('SELECT ', Properties,
    ' FROM ', TableName,
    ' LIMIT ', @offset, ',', PageSize);
  END IF;
  PREPARE queryTemp FROM @query;
  EXECUTE queryTemp;
  DEALLOCATE PREPARE queryTemp;
END
$$

--
-- Create procedure `Proc_GetByEntityId`
--
CREATE DEFINER = 'root'@'localhost'
PROCEDURE Proc_GetByEntityId (IN EntityId char(36), IN TableName varchar(255), IN Properties varchar(255))
BEGIN
  SET @query = CONCAT('SELECT ', Properties, ' FROM ', TableName, ' WHERE ', TableName, '.', TableName, 'Id = "', EntityId, '"');
  PREPARE queryTemp FROM @query;
  EXECUTE queryTemp;
  DEALLOCATE PREPARE queryTemp;
END
$$

--
-- Create procedure `Proc_GetAll`
--
CREATE DEFINER = 'root'@'localhost'
PROCEDURE Proc_GetAll (IN TableName varchar(255), IN Properties text)
BEGIN

  SET @query = CONCAT('SELECT ', Properties, ' FROM ', TableName, ' ORDER BY ', TableName, 'Name');

  PREPARE queryTemp FROM @query;
  EXECUTE queryTemp;
  DEALLOCATE PREPARE queryTemp;
END
$$

--
-- Create procedure `Proc_Delete_Record`
--
CREATE DEFINER = 'root'@'localhost'
PROCEDURE Proc_Delete_Record (IN EntityId char(36), IN TableName varchar(255), IN Property varchar(255))
BEGIN
  SET @query = CONCAT('DELETE FROM ', TableName,
  ' WHERE ', Property, '= "', EntityId, '";');
  PREPARE queryTemp FROM @query;
  EXECUTE queryTemp;

END
$$

--
-- Create procedure `Proc_Delete`
--
CREATE DEFINER = 'root'@'localhost'
PROCEDURE Proc_Delete (IN EntityId char(36), IN TableName varchar(255))
BEGIN
  SET @query = CONCAT('DELETE FROM ', TableName,
  ' WHERE ', TableName, 'Id = "', EntityId, '";');

  PREPARE queryTemp FROM @query;
  EXECUTE queryTemp;

END
$$

--
-- Create procedure `Proc_CheckUnique`
--
CREATE DEFINER = 'root'@'localhost'
PROCEDURE Proc_CheckUnique (IN TableName varchar(255), IN EntityName varchar(255), IN EntityId char(36), IN EntityValue varchar(255))
BEGIN
  -- Nếu là trạng thái thêm mới
  IF EntityId IS NULL THEN
    SET @query = CONCAT('SELECT ', TableName, 'Code FROM ', TableName,
    ' WHERE ', TableName, 'Code = "', EntityValue, '";');
  -- Nếu là trạng thái sửa
  ELSE
    SET @query = CONCAT('SELECT ', TableName, 'Code FROM ', TableName,
    ' WHERE ', TableName, 'Id != "', EntityId, '" AND ', TableName, 'Code = "', EntityValue, '";');
  END IF;

  PREPARE queryTemp FROM @query; -- xây dựng truy vấn từ 1 chuỗi
  EXECUTE queryTemp; -- Thực thi câu truy vấn
  DEALLOCATE PREPARE queryTemp; -- Hủy câu truy vấn để giải phóng bộ nhớ
END
$$

--
-- Create procedure `Proc_ChangePass`
--
CREATE DEFINER = 'root'@'localhost'
PROCEDURE Proc_ChangePass (IN UserID char(36), IN PassWord varchar(255), IN PassWordNew varchar(255))
BEGIN
  UPDATE user u
  SET u.Password = PassWordNew
  WHERE u.UserID = UserID
  AND u.Password = PassWord;
END
$$

DELIMITER ;

-- 
-- Dumping data for table role
--
INSERT INTO role VALUES
('35251a6d-3944-4983-ba47-901f27b89d18', 'RO-5185', 1, 'Chuyên viên', '2023-02-12 01:41:41', 'pttam', '2023-03-02 15:48:21', 'pttam'),
('4fac4b9e-6c96-177f-d292-0ed10b503732', 'RO-6837', 2, 'Admin', '2023-02-10 00:39:10', 'pttam', '2023-01-31 21:49:50', 'pttam'),
('57db56b9-69ed-11ee-8a24-040e3cab354b', 'RO-8174', 10, 'Khách hàng', '2023-01-08 03:02:00', 'bqdiep', '2023-02-21 15:21:40', 'bqdiep'),
('592b006d-6335-6101-edf6-092cdb0ab5e8', 'RO-4304', 1, 'Giảng viên', '2023-02-24 06:09:38', 'pttam', '2023-01-01 00:00:07', 'pttam'),
('7c6369f2-18d3-679e-d7ab-8b7af6721bcf', 'RO-8344', 3, 'Phụ trách phòng', '2023-01-08 03:02:00', 'pttam', '2023-02-21 15:21:40', 'pttam');

-- 
-- Dumping data for table department
--
INSERT INTO department VALUES
('2000637a-2a69-2e7e-a135-f63bd3f197bd', 'DP-2741', 'Công nghệ thông tin', '2023-01-22 00:34:03', 'pttam', '2023-01-01 00:00:06', 'pttam'),
('27f91d6c-14b1-6c74-92ef-c9d5c2d91e91', 'DP-2289', 'Kinh tế', '2023-01-01 00:00:03', 'pttam', '2023-01-03 06:41:07', 'pttam'),
('30007451-29ff-4fe4-3707-70859f4ff30d', 'DP-2882', 'Điện - Điện tử', '2023-02-12 17:38:03', 'pttam', '2023-01-01 00:09:30', 'pttam'),
('34e2b4cc-3758-293d-7aa4-4b24de418577', 'DP-0157', 'Quốc tế', '2023-01-03 08:09:37', 'pttam', '2023-01-01 01:27:28', 'pttam'),
('3e39129b-279f-623f-88ea-778aee59fea3', 'DP-3342', 'Quản lý xây dựng', '2023-02-18 16:38:36', 'pttam', '2023-01-26 23:08:49', 'pttam'),
('6528b15d-6674-724f-79a4-4b24de418577', 'DP-2301', 'Phòng điều độ', '2023-02-16 15:45:35', 'pttam', '2023-04-01 02:02:30', 'pttam'),
('7c58ad4d-69ed-11ee-8a24-040e3cab354b', 'DP-2321', 'Bên ngoài', '2023-02-16 15:45:35', 'bqdiep', '2023-04-01 02:02:30', 'bqdiep');

-- 
-- Dumping data for table roomtype
--
INSERT INTO roomtype VALUES
('74ceff62-7307-57fa-17cb-d470555a8656', 'RO-6522', 'Phòng học', '2023-02-25 19:53:11', 'pttam@gmail.com', '2023-01-03 16:44:13', 'pttam@gmail.com');

-- 
-- Dumping data for table building
--
INSERT INTO building VALUES
('13a507d0-342d-6292-6de3-2ceaa9cf3765', 'A7', 'Tòa A7', '2023-05-06 16:28:18', 'pttam@gmail.com', '2023-05-06 16:28:18', 'pttam@gmail.com'),
('1949dae3-4d44-217e-9c66-a58ab8ff47ca', 'A4', 'Tòa A4', '2023-05-06 16:27:54', 'pttam@gmail.com', '2023-05-06 16:27:54', 'pttam@gmail.com'),
('1f60e54f-196f-45f3-5498-ae38c5379e4b', 'A1', 'Tòa A1', '2023-05-06 16:27:25', 'pttam@gmail.com', '2023-05-06 16:27:25', 'pttam@gmail.com'),
('3650c04e-62b1-6908-5598-ae38c5379e4b', 'A5', 'Tòa A5', '2023-05-06 16:28:02', 'pttam@gmail.com', '2023-05-06 16:28:02', 'pttam@gmail.com'),
('47782bc9-1bf1-7c7b-6ee3-2ceaa9cf3765', 'A8', 'Tòa A8', '2023-05-06 16:28:43', 'pttam@gmail.com', '2023-05-06 16:28:43', 'pttam@gmail.com'),
('4958949d-17c9-454d-841b-27d9d367aeb0', 'A3', 'Tòa A3', '2023-05-06 16:27:46', 'pttam@gmail.com', '2023-05-06 16:27:46', 'pttam@gmail.com'),
('6827e1c0-5b98-6d19-831b-27d9d367aeb0', 'A2', 'Tòa A2', '2023-05-06 16:27:38', 'pttam@gmail.com', '2023-05-06 16:27:38', 'pttam@gmail.com'),
('6e0dc48e-3eac-6143-9b66-a58ab8ff47ca', 'A6', 'Tòa A6', '2023-05-06 16:28:10', 'pttam@gmail.com', '2023-05-06 16:28:10', 'pttam@gmail.com');

-- 
-- Dumping data for table equipmenttype
--
INSERT INTO equipmenttype VALUES
('30d41e52-5e66-72bc-6c1c-b47866e0b131', 'Thiết bị không dây', 'LTB-8741', '1970-01-01 00:00:55', 'N', '1994-01-04 19:10:05', 'Antoine Banks'),
('589edf01-198a-4ff5-958e-fb52fd75a1d4', 'Âm thanh', 'LTB-1884', '2016-07-30 14:20:05', '22PI0E', '1999-10-24 08:46:26', 'Aundrea Cahill'),
('5bd71cda-209f-2ade-54d1-35c781481818', 'Điện tử', 'LTB-6151', '1978-06-13 13:16:42', 'P3P3CBSGG91X8IX3HT0KT493R5H2F758919FV100AP776FX6H48I5', '1970-01-01 00:05:20', 'Earle Caudill');

-- 
-- Dumping data for table class
--
INSERT INTO class VALUES
('27230d81-dd3b-43b2-ae03-9c6417fa416e', 'D14CNPM4', 'D14CNPM4', NULL, '2023-12-18 09:36:17', 'bqdiep@gmail.com', '2023-12-18 09:36:17', 'bqdiep@gmail.com', 2023, 50),
('a972d03d-7939-11ee-a859-040e3cab354b', 'CNPM_16', 'Công nghệ phần mềm 320', '78B7YV3', NULL, NULL, NULL, NULL, 2023, 39),
('ef019da7-9cd9-11ee-83c2-040e3cab354b', 'D14CNPM3', 'D14 Công nghệ phần mềm 3', '78B7YV3', NULL, NULL, NULL, NULL, 2023, 39);

-- 
-- Dumping data for table timeslot
--
INSERT INTO timeslot VALUES
('bc4a7bdb-7312-11ee-87d3-7c1e5206008b', 1, '07:00:00', '07:50:00', '2023-10-25 08:44:40', '', '2023-10-25 08:44:40', ''),
('bc4a8133-7312-11ee-87d3-7c1e5206008b', 2, '07:55:00', '08:45:00', '2023-10-25 08:44:40', '', '2023-10-25 08:44:40', ''),
('bc4a8278-7312-11ee-87d3-7c1e5206008b', 3, '08:50:00', '09:40:00', '2023-10-25 08:44:40', '', '2023-10-25 08:44:40', ''),
('bc4a831b-7312-11ee-87d3-7c1e5206008b', 4, '09:50:00', '10:40:00', '2023-10-25 08:44:40', '', '2023-10-25 08:44:40', ''),
('bc4a83b4-7312-11ee-87d3-7c1e5206008b', 5, '10:45:00', '11:35:00', '2023-10-25 08:44:40', '', '2023-10-25 08:44:40', ''),
('bc4a846b-7312-11ee-87d3-7c1e5206008b', 6, '12:30:00', '13:20:00', '2023-10-25 08:44:40', '', '2023-10-25 08:44:40', ''),
('bc4a850d-7312-11ee-87d3-7c1e5206008b', 7, '13:25:00', '14:15:00', '2023-10-25 08:44:40', '', '2023-10-25 08:44:40', ''),
('bc4a85cc-7312-11ee-87d3-7c1e5206008b', 8, '14:20:00', '15:10:00', '2023-10-25 08:44:40', '', '2023-10-25 08:44:40', ''),
('bc4a8666-7312-11ee-87d3-7c1e5206008b', 9, '15:20:00', '16:10:00', '2023-10-25 08:44:40', '', '2023-10-25 08:44:40', ''),
('bc4a86f3-7312-11ee-87d3-7c1e5206008b', 10, '16:15:00', '17:05:00', '2023-10-25 08:44:40', '', '2023-10-25 08:44:40', ''),
('bc4a8789-7312-11ee-87d3-7c1e5206008b', 11, '17:30:00', '18:20:00', '2023-10-25 08:44:40', '', '2023-10-25 08:44:40', ''),
('bc4a8825-7312-11ee-87d3-7c1e5206008b', 12, '18:25:00', '19:15:00', '2023-10-25 08:44:40', '', '2023-10-25 08:44:40', ''),
('bc4a88c0-7312-11ee-87d3-7c1e5206008b', 13, '19:20:00', '20:10:00', '2023-10-25 08:44:40', '', '2023-10-25 08:44:40', ''),
('bc4a8969-7312-11ee-87d3-7c1e5206008b', 14, '20:15:00', '21:05:00', '2023-10-25 08:44:40', '', '2023-10-25 08:44:40', '');

-- 
-- Dumping data for table user
--
INSERT INTO user VALUES
('00000000-0000-0000-0000-000000000000', 'Admin', '4fac4b9e-6c96-177f-d292-0ed10b503732', 'Admin', '', '36d49e18142bf9a272383c6b6e1d0c833d47b85002e08177b2a4f09b78be70d5', '0969303197', 'Admin@gmail.com', 'VIOLET', '6528b15d-6674-724f-79a4-4b24de418577', '2023-04-08 23:25:28', '', '2023-04-08 23:25:28', ''),
('07761d77-47f3-4098-90d9-06c4db094524', 'GV-10001', '592b006d-6335-6101-edf6-092cdb0ab5e8', '10_Bùi Quang Điệp', '', 'f3c21599cee943bcaa8aa33f52695aa3c88c833f0c44eb11bfec3c810d1dedeb', '', 'quangdiep957@gmail.com', 'blue', '6528b15d-6674-724f-79a4-4b24de418577', '2023-06-02 21:24:12', 'pttam@gmail.com', '2023-06-02 21:24:12', 'pttam@gmail.com'),
('1283753d-5374-5932-8ffd-ed7281085324', 'GV-0215', '592b006d-6335-6101-edf6-092cdb0ab5e8', 'Nguyễn Ngọc Diệp', 'Long Biên - Hà Nội', '36d49e18142bf9a272383c6b6e1d0c833d47b85002e08177b2a4f09b78be70d5', '09412896103', 'ngocdiep@gmail.com', 'VIOLET', '3e39129b-279f-623f-88ea-778aee59fea3', '2023-01-14 04:53:04', 'pttam', '2023-01-30 08:09:57', 'pttam'),
('12b891a6-ecda-4f55-972e-8c4fe17604d2', 'demo', '57db56b9-69ed-11ee-8a24-040e3cab354b', 'BDIEP111', '', '08473039faa39134a9bed66b8a864dcf4f93d86d8d40dc53072e61a66f265284', 'string', 'quangdiep934@gmail.com', 'string', '7c58ad4d-69ed-11ee-8a24-040e3cab354b', '2023-10-14 00:27:34', 'bqdiep@gmail.com', '2023-10-14 00:27:34', 'bqdiep@gmail.com'),
('16bf2a3e-4001-79d3-de9f-8dd6f6d7e4f8', 'GV-7161', '592b006d-6335-6101-edf6-092cdb0ab5e8', 'Nguyễn Thị Thái ', 'Tôn Thất Thuyết - Hà Nội', '36d49e18142bf9a272383c6b6e1d0c833d47b85002e08177b2a4f09b78be70d5', '09045769897', 'phamtam@gmail.com', 'Blue', '34e2b4cc-3758-293d-7aa4-4b24de418577', '2023-01-01 00:01:29', 'pttam', '2023-01-01 00:01:49', 'pttam'),
('1932f045-2ef9-6195-76b2-6fc19c70b90a', 'GV-3869', '592b006d-6335-6101-edf6-092cdb0ab5e8', 'Nguyễn Mai Hân ', 'Tôn Thất Thuyết - Hà Nội', '36d49e18142bf9a272383c6b6e1d0c833d47b85002e08177b2a4f09b78be70d5', '09723677824', 'maihan@gmail.com', 'Purple', '30007451-29ff-4fe4-3707-70859f4ff30d', '2023-02-21 21:59:50', 'pttam', '2023-01-28 18:39:29', 'pttam'),
('1ae68a9e-6247-74d0-1b0f-df0f613299a6', 'GV-0537', '592b006d-6335-6101-edf6-092cdb0ab5e8', 'Nguyễn Thị Loan ', 'Tôn Thất Thuyết - Hà Nội', '36d49e18142bf9a272383c6b6e1d0c833d47b85002e08177b2a4f09b78be70d5', '09904179190', 'phamtam@gmail.com', 'Orange', '30007451-29ff-4fe4-3707-70859f4ff30d', '2023-03-03 01:34:21', 'pttam', '2023-02-07 12:10:39', 'pttam'),
('1ba91570-2143-7574-7db2-6fc19c70b90a', 'GV-5622', '592b006d-6335-6101-edf6-092cdb0ab5e8', 'Võ Thị Diễm ', '', '36d49e18142bf9a272383c6b6e1d0c833d47b85002e08177b2a4f09b78be70d5', '097766567', 'diem@gmail.com', 'Gray', '6528b15d-6674-724f-79a4-4b24de418577', NULL, 'pttam', '2023-01-24 16:15:14', NULL),
('1f84fe41-5159-76cc-1d0f-df0f613299a6', 'GV-8899', '592b006d-6335-6101-edf6-092cdb0ab5e8', 'Nguyễn Thị Ngọc ', 'Tôn Thất Thuyết - Hà Nội', '36d49e18142bf9a272383c6b6e1d0c833d47b85002e08177b2a4f09b78be70d5', '09259956351', 'phamtam@gmail.com', 'Pink', '6528b15d-6674-724f-79a4-4b24de418577', '2023-01-17 15:07:48', 'pttam', '2023-01-21 11:38:18', 'pttam'),
('202236c2-5389-5837-2e89-b7f541585633', 'GV-2978', '35251a6d-3944-4983-ba47-901f27b89d18', 'Võ Thị Giang ', 'Thanh xuân - Hà Nội', '36d49e18142bf9a272383c6b6e1d0c833d47b85002e08177b2a4f09b78be70d5', '09898300675', 'phamtam@gmail.com', 'Gray', '6528b15d-6674-724f-79a4-4b24de418577', '2023-03-10 12:54:24', 'pttam', '2023-02-10 15:13:54', NULL),
('21bdc0cd-5e97-1402-220f-df0f613299a6', 'GV-2798', '35251a6d-3944-4983-ba47-901f27b89d18', 'Mai Văn Ly ', 'Tôn Thất Thuyết - Hà Nội', '36d49e18142bf9a272383c6b6e1d0c833d47b85002e08177b2a4f09b78be70d5', '09690697102', 'maily@gmail.com', 'Pink', '2000637a-2a69-2e7e-a135-f63bd3f197bd', '2023-03-30 06:06:47', 'pttam', '2023-03-02 20:42:57', 'pttam'),
('24ff724d-6e6f-2538-93fd-ed7281085324', 'GV-3921', '592b006d-6335-6101-edf6-092cdb0ab5e8', 'Lê Ngọc Hường ', 'Tôn Thất Thuyết - Hà Nội', '36d49e18142bf9a272383c6b6e1d0c833d47b85002e08177b2a4f09b78be70d5', '09160144693', 'tampham2kk1@gmail.com', 'Blue', '30007451-29ff-4fe4-3707-70859f4ff30d', '2023-01-03 00:24:37', 'pttam', '2023-02-24 04:03:22', 'pttam'),
('26280dfa-2c0f-3f26-78b2-6fc19c70b90a', 'GV-0145', '35251a6d-3944-4983-ba47-901f27b89d18', 'Nguyễn Việt Tuấn ', 'Duy Tân - Hà Nội', '36d49e18142bf9a272383c6b6e1d0c833d47b85002e08177b2a4f09b78be70d5', '09344603887', 'viettuan@gmail.com', 'Purple', '6528b15d-6674-724f-79a4-4b24de418577', '2023-01-01 00:00:09', 'pttam', '2023-01-01 00:00:01', 'pttam'),
('26ece8ec-40b8-2518-91fd-ed7281085324', 'GV-3351', '592b006d-6335-6101-edf6-092cdb0ab5e8', 'Nguyễn Thái Hân ', 'Ba Đình - Hà Nội', '36d49e18142bf9a272383c6b6e1d0c833d47b85002e08177b2a4f09b78be70d5', '09305749722', 'thaihan@gmail.com', 'Brown', '2000637a-2a69-2e7e-a135-f63bd3f197bd', '2023-03-12 17:03:26', 'pttam', '2023-01-04 10:06:53', 'pttam'),
('27ce8f87-70fb-4abf-2d89-b7f541585633', 'GV-1346', '592b006d-6335-6101-edf6-092cdb0ab5e8', 'Trịnh Mai Hường ', 'Long Biên - Hà Nội', '36d49e18142bf9a272383c6b6e1d0c833d47b85002e08177b2a4f09b78be70d5', '09645803925', 'tampham2kk1@gmail.com', 'Yellow', '2000637a-2a69-2e7e-a135-f63bd3f197bd', '2023-03-02 14:00:39', 'pttam', '2023-03-15 06:59:02', 'pttam'),
('28026540-7c05-7586-33bf-2d1df1341b8b', 'GV-5524', '592b006d-6335-6101-edf6-092cdb0ab5e8', 'Nguyễn Văn Loan ', 'Long Biên - Hà Nội', '36d49e18142bf9a272383c6b6e1d0c833d47b85002e08177b2a4f09b78be70d5', '09006408891', 'nguyenloan@gmail.com', 'Green', '2000637a-2a69-2e7e-a135-f63bd3f197bd', '2023-03-16 17:30:15', 'pttam', '2023-03-20 02:29:54', 'pttam'),
('294555f8-2ed2-1e5f-3489-b7f541585633', 'GV-5491', '35251a6d-3944-4983-ba47-901f27b89d18', 'Bùi Văn Tuấn ', 'Long Biên - Hà Nội', '36d49e18142bf9a272383c6b6e1d0c833d47b85002e08177b2a4f09b78be70d5', '09346743641', 'tampham2kk1@gmail.com', 'Blue', '27f91d6c-14b1-6c74-92ef-c9d5c2d91e91', '2023-03-16 07:09:50', 'pttam', '2023-03-18 05:56:08', 'pttam'),
('29b9e885-31c8-49e5-1474-af6b0c9d8171', 'GV-7473', '592b006d-6335-6101-edf6-092cdb0ab5e8', 'Nguyễn Minh Mai ', 'Nguyễn Chí Thanh - Hà Nội', '36d49e18142bf9a272383c6b6e1d0c833d47b85002e08177b2a4f09b78be70d5', '09550901875', 'minhmai@gmail.com', 'VIOLET', '27f91d6c-14b1-6c74-92ef-c9d5c2d91e91', '2023-03-06 12:04:57', 'pttam', '2023-01-26 05:03:54', 'pttam'),
('2c3cca15-73d5-7cd5-35bf-2d1df1341b8b', 'GV-8149', '592b006d-6335-6101-edf6-092cdb0ab5e8', 'Mai Thái Thành ', 'Nguyễn Chí Thanh - Hà Nội', '36d49e18142bf9a272383c6b6e1d0c833d47b85002e08177b2a4f09b78be70d5', '09050563656', 'maithaithanh@gmail.com', 'Brown', '3e39129b-279f-623f-88ea-778aee59fea3', '2023-03-19 03:30:02', 'pttam', '2023-01-01 00:00:03', 'pttam'),
('2c3d5c26-1a5c-54fd-1c74-af6b0c9d8171', 'GV-5115', '592b006d-6335-6101-edf6-092cdb0ab5e8', 'Nguyễn Tuấn Giang ', 'Nguyễn Chí Thanh - Hà Nội', '36d49e18142bf9a272383c6b6e1d0c833d47b85002e08177b2a4f09b78be70d5', '09848047530', 'tuangiang@gmail.com', 'Green', '30007451-29ff-4fe4-3707-70859f4ff30d', '2023-01-13 11:07:44', 'pttam', '2023-03-06 07:02:20', 'pttam'),
('320d9881-2e16-52a3-4cd4-35a726f0ef4c', 'GV-4531', '592b006d-6335-6101-edf6-092cdb0ab5e8', 'Nguyễn Việt Bằng ', 'Duy Tân - Hà Nội', '36d49e18142bf9a272383c6b6e1d0c833d47b85002e08177b2a4f09b78be70d5', '09025882291', 'vietbang@gmail.com', 'Green', '3e39129b-279f-623f-88ea-778aee59fea3', '2023-01-15 21:13:24', 'pttam', '2023-01-01 00:00:03', 'pttam'),
('3350b6f2-6c4e-65c3-1574-af6b0c9d8171', 'GV-1611', '592b006d-6335-6101-edf6-092cdb0ab5e8', 'Nông Ngọc Minh ', 'Tôn Thất Thuyết - Hà Nội', '36d49e18142bf9a272383c6b6e1d0c833d47b85002e08177b2a4f09b78be70d5', '09295570193', 'nongminh@gmail.com', 'Gray', '30007451-29ff-4fe4-3707-70859f4ff30d', '2023-03-08 10:33:40', 'pttam', '2023-01-11 12:19:29', 'pttam'),
('343b7e92-c983-408c-8b58-cdc2493a6c5f', 'GV-10004', '592b006d-6335-6101-edf6-092cdb0ab5e8', 'quangdiep', '1234', '36d49e18142bf9a272383c6b6e1d0c833d47b85002e08177b2a4f09b78be70d5', '03945648', 'quangdiep987@gmail.com', '#1502EF', '2000637a-2a69-2e7e-a135-f63bd3f197bd', '2023-10-07 14:21:58', 'bqdiep@gmail.com', '2023-10-07 14:21:58', 'bqdiep@gmail.com'),
('35c94ecf-31c9-4c2b-2cbf-2d1df1341b8b', 'GV-1581', '592b006d-6335-6101-edf6-092cdb0ab5e8', 'Lê Thị Trường ', 'Duy Tân - Hà Nội', '36d49e18142bf9a272383c6b6e1d0c833d47b85002e08177b2a4f09b78be70d5', '09785559361', 'LeTruong@gmail.com', 'Pink', '34e2b4cc-3758-293d-7aa4-4b24de418577', '2023-01-11 17:28:31', 'pttam', '2023-01-01 00:01:31', 'pttam'),
('3703a1b5-5297-1f2a-395a-5dc145ca32c0', 'GV-5784', '592b006d-6335-6101-edf6-092cdb0ab5e8', 'Nguyễn Ngọc Thuận ', 'Ba Đình - Hà Nội', '36d49e18142bf9a272383c6b6e1d0c833d47b85002e08177b2a4f09b78be70d5', '09527507811', 'tampham2kk1@gmail.com', 'Orange', '30007451-29ff-4fe4-3707-70859f4ff30d', '2023-02-21 01:19:15', 'pttam', '2023-01-23 03:49:44', 'pttam'),
('3755dad1-1868-5512-75b2-6fc19c70b90a', 'GV-7019', '592b006d-6335-6101-edf6-092cdb0ab5e8', 'Nguyễn Ngọc Hường ', 'Mễ Trì - Hà Nội', '36d49e18142bf9a272383c6b6e1d0c833d47b85002e08177b2a4f09b78be70d5', '09984521848', 'huonghuong@gmail.com', 'Brown', '34e2b4cc-3758-293d-7aa4-4b24de418577', '2023-01-10 21:29:03', 'pttam', '2023-01-26 05:28:37', 'pttam'),
('3a05bbdb-616c-2ade-3289-b7f541585633', 'GV-1716', '592b006d-6335-6101-edf6-092cdb0ab5e8', 'Trịnh Thái Cường ', 'Thanh xuân - Hà Nội', '36d49e18142bf9a272383c6b6e1d0c833d47b85002e08177b2a4f09b78be70d5', '09116627856', 'thaicuong@gmail.com', 'VIOLET', '27f91d6c-14b1-6c74-92ef-c9d5c2d91e91', '2023-02-25 07:29:29', 'pttam', '2023-02-21 06:56:04', 'pttam'),
('3a5f6227-1fd7-2604-34bf-2d1df1341b8b', 'GV-3880', '592b006d-6335-6101-edf6-092cdb0ab5e8', 'Nguyễn Tuấn Mai ', 'Long Biên - Hà Nội', '36d49e18142bf9a272383c6b6e1d0c833d47b85002e08177b2a4f09b78be70d5', '09954779920', 'tunamai@gmail.com', 'Blue', '2000637a-2a69-2e7e-a135-f63bd3f197bd', '2023-02-25 16:25:54', 'pttam', '2023-01-08 00:43:16', 'pttam'),
('3c36fadb-6366-513b-1e0f-df0f613299a6', 'GV-0933', '592b006d-6335-6101-edf6-092cdb0ab5e8', 'Nông Ngọc Giang ', 'Nguyễn Chí Thanh - Hà Nội', '36d49e18142bf9a272383c6b6e1d0c833d47b85002e08177b2a4f09b78be70d5', '09891127274', 'ngocgiang@gmail.com', 'VIOLET', '30007451-29ff-4fe4-3707-70859f4ff30d', '2023-01-01 01:23:49', 'pttam', '2023-01-30 23:19:15', 'pttam'),
('3d1077c3-4217-1128-345a-5dc145ca32c0', 'GV-3452', '35251a6d-3944-4983-ba47-901f27b89d18', 'Nguyễn Văn Mai ', 'Nguyễn Chí Thanh - Hà Nội', '36d49e18142bf9a272383c6b6e1d0c833d47b85002e08177b2a4f09b78be70d5', '09037627916', 'maimai@gmail.com', 'Orange', '2000637a-2a69-2e7e-a135-f63bd3f197bd', '2023-01-15 21:51:40', 'pttam', '2023-01-19 06:14:37', 'pttam'),
('3e353241-51a9-374d-4bd4-35a726f0ef4c', 'GV-0607', '592b006d-6335-6101-edf6-092cdb0ab5e8', 'Nguyễn Ngọc Thanh ', 'Long Biên - Hà Nội', '36d49e18142bf9a272383c6b6e1d0c833d47b85002e08177b2a4f09b78be70d5', '09902188359', 'ngocthanh@gmail.com', 'LAVENDER', '3e39129b-279f-623f-88ea-778aee59fea3', '2023-02-19 15:51:46', 'pttam', '2023-02-20 06:20:45', 'pttam'),
('3e691c6d-210a-11b2-3089-b7f541585633', 'GV-3108', '35251a6d-3944-4983-ba47-901f27b89d18', 'Võ Việt Diễm ', 'Long Biên - Hà Nội', '36d49e18142bf9a272383c6b6e1d0c833d47b85002e08177b2a4f09b78be70d5', '09389370346', 'vietdiem@gmail.com', 'Orange', '34e2b4cc-3758-293d-7aa4-4b24de418577', '2023-02-08 04:08:38', 'pttam', '2023-01-01 00:00:04', 'pttam'),
('3fa85f64-5717-4562-b3fc-2c963f66afa6', 'GV-10000', '35251a6d-3944-4983-ba47-901f27b89d18', 'Phạm Minh Tuấn', 'Bắc Quang - Hà Giang', '36d49e18142bf9a272383c6b6e1d0c833d47b85002e08177b2a4f09b78be70d5', '0969303197', 'phamtuan@gmail.com', 'black', '2000637a-2a69-2e7e-a135-f63bd3f197bd', '2023-05-06 03:32:22', 'string', '2023-05-06 03:32:22', 'string'),
('4265be30-7131-6319-3389-b7f541585633', 'GV-4780', '7c6369f2-18d3-679e-d7ab-8b7af6721bcf', 'Hoàng Văn Hương ', 'Ba Đình - Hà Nội', '36d49e18142bf9a272383c6b6e1d0c833d47b85002e08177b2a4f09b78be70d5', '09595203651', 'suporterA1@gmail.com', 'Pink', '3e39129b-279f-623f-88ea-778aee59fea3', '2023-02-06 03:10:34', 'pttam', '2023-01-01 00:14:30', 'pttam'),
('43906933-1e00-54d0-94fd-ed7281085324', 'GV-6807', '35251a6d-3944-4983-ba47-901f27b89d18', 'Nguyễn Thị Tuấn ', 'Tôn Thất Thuyết - Hà Nội', '36d49e18142bf9a272383c6b6e1d0c833d47b85002e08177b2a4f09b78be70d5', '09196819227', 'phamtam@gmail.com', 'Red', '3e39129b-279f-623f-88ea-778aee59fea3', '2023-01-01 00:15:00', 'pttam', '2023-01-01 00:07:56', 'pttam'),
('4679edcd-3f0a-6386-8dfd-ed7281085324', 'GV-0671', '592b006d-6335-6101-edf6-092cdb0ab5e8', 'Trần Thị Hương ', 'Duy Tân - Hà Nội', '36d49e18142bf9a272383c6b6e1d0c833d47b85002e08177b2a4f09b78be70d5', '09932728624', 'tthuong@gmail.com', 'LAVENDER', '3e39129b-279f-623f-88ea-778aee59fea3', '2023-03-22 12:49:34', 'pttam', '2023-01-30 04:43:28', 'pttam'),
('468bdba6-42f9-2d59-c954-0f2512404bdf', 'GV-3896', '35251a6d-3944-4983-ba47-901f27b89d18', 'Nông Thái Trường ', 'Nguyễn Chí Thanh - Hà Nội', '36d49e18142bf9a272383c6b6e1d0c833d47b85002e08177b2a4f09b78be70d5', '09056167808', 'thaitruong@gmail.com', 'Red', '27f91d6c-14b1-6c74-92ef-c9d5c2d91e91', '2023-01-03 02:16:07', 'pttam', '2023-02-22 07:27:06', 'pttam'),
('4d1a3246-4106-3961-47d4-35a726f0ef4c', 'GV-4127', '592b006d-6335-6101-edf6-092cdb0ab5e8', 'Nguyễn Tuấn Cường ', 'Ba Đình - Hà Nội', '36d49e18142bf9a272383c6b6e1d0c833d47b85002e08177b2a4f09b78be70d5', '09294180494', 'tunacuong@gmail.com', 'Blue', '3e39129b-279f-623f-88ea-778aee59fea3', '2023-01-17 01:22:35', 'pttam', '2023-02-20 14:28:29', 'pttam'),
('4edb35dc-793c-6dd4-cc54-0f2512404bdf', 'GV-6458', '7c6369f2-18d3-679e-d7ab-8b7af6721bcf', 'Nông Ngọc Diễm ', 'Duy Tân - Hà Nội', '36d49e18142bf9a272383c6b6e1d0c833d47b85002e08177b2a4f09b78be70d5', '09217160806', 'tampham2k1@gmail.com', 'VIOLET', '27f91d6c-14b1-6c74-92ef-c9d5c2d91e91', '2023-01-01 01:46:37', 'pttam', '2023-01-05 17:59:29', 'pttam'),
('4f7c5b42-2c16-41e7-9703-0d3bb2796499', 'GV-9077', '592b006d-6335-6101-edf6-092cdb0ab5e8', 'Minh Ngọc', 'Ba Đình - Hà Nội', 'ef797c8118f02dfb649607dd5d3f8c7623048c9c063d532cc95c5ed7a898a64f', '099999', 'ngoc@gmail.com', '#40B1DB', '27f91d6c-14b1-6c74-92ef-c9d5c2d91e91', '2023-05-06 10:47:36', 'pttam@gmail.com', '2023-05-06 10:47:36', 'pttam@gmail.com'),
('503c34d2-178b-4737-8efd-ed7281085324', 'GV-7710', '592b006d-6335-6101-edf6-092cdb0ab5e8', 'Lê Việt Hường ', 'Duy Tân - Hà Nội', '36d49e18142bf9a272383c6b6e1d0c833d47b85002e08177b2a4f09b78be70d5', '09122971809', 'lehuong@gmail.com', 'Gray', '3e39129b-279f-623f-88ea-778aee59fea3', '2023-03-03 06:15:06', 'pttam', '2023-02-28 11:27:21', 'pttam'),
('53adba37-0f74-4781-9eb0-aad684c2018d', 'GV-9078', '4fac4b9e-6c96-177f-d292-0ed10b503732', 'Phạm Thị Tâm', 'Nhà số 10, hẻm 12 ngách 68 ngõ 59 Mễ Trì - Hà Nội', '36d49e18142bf9a272383c6b6e1d0c833d47b85002e08177b2a4f09b78be70d5', '0969303197', 'phamtamhg01@gmail.com', '#5E5006', '6528b15d-6674-724f-79a4-4b24de418577', '2023-05-10 05:53:00', 'pttam@gmail.com', '2023-05-10 05:53:00', 'pttam@gmail.com'),
('54f80ac4-3bc4-42df-9ab8-d02417b832fb', 'KH-1012', '57db56b9-69ed-11ee-8a24-040e3cab354b', 'quangdiep1237@gmail.com', '', 'bfee2e2a7616a918089964f7aacecbaf4ead04512500383d2fd8cef670308de0', 'string', 'quangdiep1237@gmail.com', '#88A222', '7c58ad4d-69ed-11ee-8a24-040e3cab354b', '2023-10-14 03:00:37', 'bqdiep@gmail.com', '2023-10-14 03:00:37', 'bqdiep@gmail.com'),
('57006586-31d8-647d-ca54-0f2512404bdf', 'GV-7286', '592b006d-6335-6101-edf6-092cdb0ab5e8', 'Nguyễn Ngọc Ly ', 'Long Biên - Hà Nội', '36d49e18142bf9a272383c6b6e1d0c833d47b85002e08177b2a4f09b78be70d5', '09829070933', 'lyly@gmail.com', 'Green', '6528b15d-6674-724f-79a4-4b24de418577', '2023-02-16 08:23:27', 'pttam', '2023-02-01 10:15:07', 'pttam'),
('596a784a-1280-53ab-df9f-8dd6f6d7e4f8', 'GV-7413', '35251a6d-3944-4983-ba47-901f27b89d18', 'Nguyễn Ngọc Hân ', '', '36d49e18142bf9a272383c6b6e1d0c833d47b85002e08177b2a4f09b78be70d5', '08778987', 'ngochan@gmail.com', 'Purple', '3e39129b-279f-623f-88ea-778aee59fea3', NULL, 'pttam', '2023-01-05 08:39:45', 'pttam'),
('597319b4-11e5-6c23-92fd-ed7281085324', 'GV-8376', '592b006d-6335-6101-edf6-092cdb0ab5e8', 'Mai Việt Ngọc ', 'Thanh xuân - Hà Nội', '36d49e18142bf9a272383c6b6e1d0c833d47b85002e08177b2a4f09b78be70d5', '09385857897', 'vietngoc@gmail.com', 'Purple', '34e2b4cc-3758-293d-7aa4-4b24de418577', '2023-01-07 10:10:12', 'pttam', '2023-03-18 14:45:52', 'pttam'),
('5d8cf4be-1db0-46b1-90fd-ed7281085324', 'GV-1913', '592b006d-6335-6101-edf6-092cdb0ab5e8', 'Hoàng Việt Hân ', 'Thanh xuân - Hà Nội', '36d49e18142bf9a272383c6b6e1d0c833d47b85002e08177b2a4f09b78be70d5', '09753103617', 'phamtam@gmail.com', 'Yellow', '2000637a-2a69-2e7e-a135-f63bd3f197bd', '2023-02-09 06:20:09', 'pttam', '2023-02-16 01:53:49', 'pttam'),
('602ffdd9-74d7-5588-e09f-8dd6f6d7e4f8', 'GV-5798', '592b006d-6335-6101-edf6-092cdb0ab5e8', 'Trịnh Minh Ngọc ', 'Mễ Trì - Hà Nội', '36d49e18142bf9a272383c6b6e1d0c833d47b85002e08177b2a4f09b78be70d5', '09631947275', 'trinhngoc@gmail.com', 'Brown', '3e39129b-279f-623f-88ea-778aee59fea3', '2023-01-01 00:21:08', 'pttam', '2023-02-26 17:45:08', 'pttam'),
('6146aa2c-1352-7c93-e19f-8dd6f6d7e4f8', 'GV-7072', '35251a6d-3944-4983-ba47-901f27b89d18', 'Lê Thị Ngọc ', 'Ba Đình - Hà Nội', '36d49e18142bf9a272383c6b6e1d0c833d47b85002e08177b2a4f09b78be70d5', '09820152632', 'Lengoc@gmail.com', 'Red', '34e2b4cc-3758-293d-7aa4-4b24de418577', '2023-03-29 05:08:58', 'pttam', '2023-01-18 10:58:31', 'pttam'),
('6252d866-1eaf-63c0-38bf-2d1df1341b8b', 'GV-4295', '7c6369f2-18d3-679e-d7ab-8b7af6721bcf', 'Nguyễn Tuấn Thanh ', 'Nguyễn Chí Thanh - Hà Nội', '36d49e18142bf9a272383c6b6e1d0c833d47b85002e08177b2a4f09b78be70d5', '09485178845', 'suporterA3@gmail.com', 'Purple', '3e39129b-279f-623f-88ea-778aee59fea3', '2023-01-10 18:30:04', 'pttam', '2023-01-02 10:37:56', 'pttam'),
('62dac45f-5c95-3aed-3b5a-5dc145ca32c0', 'GV-9071', '592b006d-6335-6101-edf6-092cdb0ab5e8', 'Nguyễn Ngọc Minh ', '', '36d49e18142bf9a272383c6b6e1d0c833d47b85002e08177b2a4f09b78be70d5', '09999222321', 'ngocminh@gmail.com', 'Purple', '34e2b4cc-3758-293d-7aa4-4b24de418577', NULL, 'pttam', '2023-03-30 04:11:56', NULL),
('634a6b82-31c1-2a10-32bf-2d1df1341b8b', 'GV-3015', '592b006d-6335-6101-edf6-092cdb0ab5e8', 'Nguyễn Thị Ly ', 'Mễ Trì - Hà Nội', '36d49e18142bf9a272383c6b6e1d0c833d47b85002e08177b2a4f09b78be70d5', '09105783838', 'nguyenly@gmail.com', 'LAVENDER', '3e39129b-279f-623f-88ea-778aee59fea3', '2023-02-06 11:51:26', 'pttam', '2023-03-05 16:41:41', NULL),
('63acd58c-75df-3d9b-210f-df0f613299a6', 'GV-4121', '592b006d-6335-6101-edf6-092cdb0ab5e8', 'Lê Thị Ly ', 'Nguyễn Chí Thanh - Hà Nội', '36d49e18142bf9a272383c6b6e1d0c833d47b85002e08177b2a4f09b78be70d5', '09936064937', 'lely@gmail.com', 'VIOLET', '2000637a-2a69-2e7e-a135-f63bd3f197bd', '2023-04-01 12:17:53', 'pttam', '2023-01-30 09:42:15', 'pttam'),
('63e5935e-5bcc-2a98-2ebf-2d1df1341b8b', 'GV-4809', '35251a6d-3944-4983-ba47-901f27b89d18', 'Nông Ngọc Ly ', 'Tôn Thất Thuyết - Hà Nội', '36d49e18142bf9a272383c6b6e1d0c833d47b85002e08177b2a4f09b78be70d5', '09208367765', 'nongly@gmail.com', 'Brown', '34e2b4cc-3758-293d-7aa4-4b24de418577', '2023-01-04 13:00:03', 'pttam', '2023-01-01 00:41:57', 'pttam'),
('689b1392-6eb3-1c6a-49d4-35a726f0ef4c', 'GV-1081', '35251a6d-3944-4983-ba47-901f27b89d18', 'Nguyễn Thị Hiếu ', 'Tôn Thất Thuyết - Hà Nội', '36d49e18142bf9a272383c6b6e1d0c833d47b85002e08177b2a4f09b78be70d5', '09494050561', 'nguyenhieu@gmail.com', 'Blue', '30007451-29ff-4fe4-3707-70859f4ff30d', '2023-01-01 00:00:22', NULL, NULL, 'pttam'),
('68a7deef-78e5-3a2a-355a-5dc145ca32c0', 'GV-1985', '592b006d-6335-6101-edf6-092cdb0ab5e8', 'Nông Việt Thành ', 'Long Biên - Hà Nội', '36d49e18142bf9a272383c6b6e1d0c833d47b85002e08177b2a4f09b78be70d5', '09096310385', 'vietthanh@gmail.com', 'Red', '6528b15d-6674-724f-79a4-4b24de418577', '2023-01-01 00:51:57', 'pttam', '2023-01-01 00:00:10', 'pttam'),
('6b2df344-7289-6c12-1d74-af6b0c9d8171', 'GV-8068', '592b006d-6335-6101-edf6-092cdb0ab5e8', 'Võ Ngọc Mạnh ', '', '36d49e18142bf9a272383c6b6e1d0c833d47b85002e08177b2a4f09b78be70d5', '0977888666', 'manh@gmail.com', 'Yellow', '30007451-29ff-4fe4-3707-70859f4ff30d', NULL, 'pttam', '2023-03-21 08:47:39', NULL),
('6bfa30be-30cc-5db6-36bf-2d1df1341b8b', 'GV-2799', '35251a6d-3944-4983-ba47-901f27b89d18', 'Phạm Tâm', 'Thanh xuân - Hà Nội', '36d49e18142bf9a272383c6b6e1d0c833d47b85002e08177b2a4f09b78be70d5', '09529345112', 'tampham2kkk1@gmail.com', 'Orange', '6528b15d-6674-724f-79a4-4b24de418577', '2023-01-24 16:51:35', 'pttam', '2023-04-01 05:01:16', 'pttam'),
('6c2beba5-4d8d-2def-74b2-6fc19c70b90a', 'GV-3703', '592b006d-6335-6101-edf6-092cdb0ab5e8', 'Lê Mai Cường ', 'Tôn Thất Thuyết - Hà Nội', '36d49e18142bf9a272383c6b6e1d0c833d47b85002e08177b2a4f09b78be70d5', '09247369868', 'Maicuong@gmail.com', 'Green', '27f91d6c-14b1-6c74-92ef-c9d5c2d91e91', '2023-01-03 19:45:47', 'pttam', '2023-01-01 00:00:08', 'pttam'),
('6d149d51-53c8-4c2a-af36-11632b4092b9', 'GV-9076', '592b006d-6335-6101-edf6-092cdb0ab5e8', 'Nguyễn Hữu Anh', 'Bắc Quang - Hà Giang', '36d49e18142bf9a272383c6b6e1d0c833d47b85002e08177b2a4f09b78be70d5', '0969303197', 'huuanh@gmail.com', '#4E9E11', '34e2b4cc-3758-293d-7aa4-4b24de418577', '2023-05-05 08:44:33', 'pttam@gmail.com', '2023-05-05 08:44:33', 'pttam@gmail.com'),
('6f984c55-3c91-1208-3189-b7f541585633', 'GV-1074', '35251a6d-3944-4983-ba47-901f27b89d18', 'Võ Minh Hương ', 'Nguyễn Chí Thanh - Hà Nội', '36d49e18142bf9a272383c6b6e1d0c833d47b85002e08177b2a4f09b78be70d5', '09917856464', 'minhhuong@gmail.com', 'Pink', '34e2b4cc-3758-293d-7aa4-4b24de418577', '2023-02-09 08:37:14', 'pttam', '2023-02-01 01:32:47', 'pttam'),
('71aa5738-6e76-4571-375a-5dc145ca32c0', 'GV-6651', '592b006d-6335-6101-edf6-092cdb0ab5e8', 'Võ Việt Loan ', 'Long Biên - Hà Nội', '36d49e18142bf9a272383c6b6e1d0c833d47b85002e08177b2a4f09b78be70d5', '09370341792', 'tampham2kk1@gmail.com', 'Yellow', '34e2b4cc-3758-293d-7aa4-4b24de418577', '2023-03-18 09:48:42', 'pttam', '2023-03-14 01:49:20', 'pttam'),
('71dc3240-3b4d-337a-4ad4-35a726f0ef4c', 'GV-3274', '7c6369f2-18d3-679e-d7ab-8b7af6721bcf', 'Nguyễn Minh Giang ', 'Long Biên - Hà Nội', '36d49e18142bf9a272383c6b6e1d0c833d47b85002e08177b2a4f09b78be70d5', '09484071334', 'suporterA4@gmail.com', 'Red', '34e2b4cc-3758-293d-7aa4-4b24de418577', '2023-01-01 00:00:04', 'pttam', '2023-01-19 11:38:53', 'pttam'),
('732652cf-2f61-15d9-2c89-b7f541585633', 'GV-3295', '7c6369f2-18d3-679e-d7ab-8b7af6721bcf', 'Nguyễn Văn Hương ', 'Thanh xuân - Hà Nội', '36d49e18142bf9a272383c6b6e1d0c833d47b85002e08177b2a4f09b78be70d5', '09886191308', 'suporterA5@gmail.com', 'Red', '2000637a-2a69-2e7e-a135-f63bd3f197bd', '2023-03-14 07:21:22', 'pttam', '2023-03-31 06:59:04', 'pttam'),
('7362b293-61fb-57e2-335a-5dc145ca32c0', 'GV-3491', '592b006d-6335-6101-edf6-092cdb0ab5e8', 'Nguyễn Diễm Ly ', 'Long Biên - Hà Nội', '36d49e18142bf9a272383c6b6e1d0c833d47b85002e08177b2a4f09b78be70d5', '09211752443', 'diemly@gmail.com', 'Yellow', '6528b15d-6674-724f-79a4-4b24de418577', '2023-01-13 11:33:48', 'pttam', '2023-01-01 01:52:44', 'pttam'),
('73c40143-7eeb-35a7-3a5a-5dc145ca32c0', 'GV-8413', '35251a6d-3944-4983-ba47-901f27b89d18', 'Nguyễn Minh Cường ', 'Ba Đình - Hà Nội', '36d49e18142bf9a272383c6b6e1d0c833d47b85002e08177b2a4f09b78be70d5', '09208169032', 'phamtam@gmail.com', 'Gray', '27f91d6c-14b1-6c74-92ef-c9d5c2d91e91', '2023-03-04 10:25:05', 'pttam', '2023-01-23 08:44:25', 'pttam'),
('74699f4c-451b-7731-cb54-0f2512404bdf', 'GV-0445', '592b006d-6335-6101-edf6-092cdb0ab5e8', 'Nguyễn Minh Loan ', 'Mễ Trì - Hà Nội', '36d49e18142bf9a272383c6b6e1d0c833d47b85002e08177b2a4f09b78be70d5', '09744639738', 'minhloan@gmail.com', 'Pink', '30007451-29ff-4fe4-3707-70859f4ff30d', '2023-01-01 00:00:07', NULL, NULL, 'pttam'),
('7868ef07-4d3e-5cac-d154-0f2512404bdf', 'GV-1072', '592b006d-6335-6101-edf6-092cdb0ab5e8', 'Trần Việt Lệ ', '', '36d49e18142bf9a272383c6b6e1d0c833d47b85002e08177b2a4f09b78be70d5', '087763844', 'tranle@gmail.com', 'LAVENDER', '6528b15d-6674-724f-79a4-4b24de418577', NULL, 'pttam', '2023-03-04 10:37:26', NULL),
('78b15bd8-40bf-38cc-1774-af6b0c9d8171', 'GV-4533', '592b006d-6335-6101-edf6-092cdb0ab5e8', 'Bùi Minh Hương ', 'Nguyễn Chí Thanh - Hà Nội', '36d49e18142bf9a272383c6b6e1d0c833d47b85002e08177b2a4f09b78be70d5', '09899342241', 'tampham2k1@gmail.com', 'Blue', '30007451-29ff-4fe4-3707-70859f4ff30d', '2023-01-01 00:00:04', 'pttam', '2023-03-22 13:07:08', 'pttam'),
('78cdd455-661c-1415-77b2-6fc19c70b90a', 'GV-2724', '35251a6d-3944-4983-ba47-901f27b89d18', 'Nguyễn Việt Diễm ', 'Tôn Thất Thuyết - Hà Nội', '36d49e18142bf9a272383c6b6e1d0c833d47b85002e08177b2a4f09b78be70d5', '09100113653', 'VietDiem@gmail.com', 'Pink', '6528b15d-6674-724f-79a4-4b24de418577', '2023-02-01 11:52:11', 'pttam', '2023-01-26 15:01:41', 'pttam'),
('78ec1618-3b10-13bc-1974-af6b0c9d8171', 'GV-8065', '7c6369f2-18d3-679e-d7ab-8b7af6721bcf', 'Nguyễn Việt Hường ', 'Duy Tân - Hà Nội', '36d49e18142bf9a272383c6b6e1d0c833d47b85002e08177b2a4f09b78be70d5', '09350722261', 'suporterA6@gmail.com', 'Green', '30007451-29ff-4fe4-3707-70859f4ff30d', '2023-01-06 06:40:23', 'pttam', '2023-02-03 06:21:16', 'pttam'),
('7a69ae9c-561e-58c1-30bf-2d1df1341b8b', 'GV-7595', '7c6369f2-18d3-679e-d7ab-8b7af6721bcf', 'Võ Văn Cường ', 'Ba Đình - Hà Nội', '36d49e18142bf9a272383c6b6e1d0c833d47b85002e08177b2a4f09b78be70d5', '09201474248', 'suporterA7@gmail.com', 'LAVENDER', '34e2b4cc-3758-293d-7aa4-4b24de418577', '2023-03-24 09:00:30', NULL, NULL, 'pttam'),
('7b065a61-5556-1d4d-95fd-ed7281085324', 'GV-5713', '35251a6d-3944-4983-ba47-901f27b89d18', 'Hoàng Ngọc Hường ', '', '36d49e18142bf9a272383c6b6e1d0c833d47b85002e08177b2a4f09b78be70d5', '098878988', 'NgocHuong@gmail.com', 'Green', '27f91d6c-14b1-6c74-92ef-c9d5c2d91e91', NULL, 'pttam', '2023-01-01 00:00:10', 'pttam'),
('7b13150f-71b9-7f35-7ab2-6fc19c70b90a', 'GV-5178', '592b006d-6335-6101-edf6-092cdb0ab5e8', 'Nguyễn Trung Đức', 'Long Biên - Hà Nội', '36d49e18142bf9a272383c6b6e1d0c833d47b85002e08177b2a4f09b78be70d5', '09465885480', 'ducxinhgai21@gmail.com', 'Brown', '6528b15d-6674-724f-79a4-4b24de418577', '2023-02-14 19:00:16', 'pttam', '2023-01-01 00:00:03', 'pttam'),
('7bbd23de-1e66-6d6b-cf54-0f2512404bdf', 'GV-4700', '35251a6d-3944-4983-ba47-901f27b89d18', 'Nguyễn Văn Diễm ', 'Mễ Trì - Hà Nội', '36d49e18142bf9a272383c6b6e1d0c833d47b85002e08177b2a4f09b78be70d5', '09433958667', 'nguyendiem@gmail.com', 'Gray', '2000637a-2a69-2e7e-a135-f63bd3f197bd', '2023-01-26 23:02:46', NULL, NULL, 'pttam'),
('7c44da5c-335d-13d9-200f-df0f613299a6', 'GV-9026', '35251a6d-3944-4983-ba47-901f27b89d18', 'Trịnh Tuấn Linh ', 'Nguyễn Chí Thanh - Hà Nội', '36d49e18142bf9a272383c6b6e1d0c833d47b85002e08177b2a4f09b78be70d5', '09663375264', 'trinhtuanlinh@gmail.com', 'Red', '6528b15d-6674-724f-79a4-4b24de418577', '2023-01-01 00:44:40', NULL, NULL, 'pttam'),
('7d8de15e-18ba-467b-9cac-edf92a1353ac', 'GV-9079', '4fac4b9e-6c96-177f-d292-0ed10b503732', 'Bùi Quang Điệp', 'Nhà số 9 - Hẻm 56, Quận Thanh Xuân - Hà Nôi', '36d49e18142bf9a272383c6b6e1d0c833d47b85002e08177b2a4f09b78be70d5', '098788899', 'buiquangdiep@gmail.com', '#0978AA', '6528b15d-6674-724f-79a4-4b24de418577', '2023-05-10 05:53:45', 'pttam@gmail.com', '2023-05-10 05:53:45', 'pttam@gmail.com'),
('7dcac27d-58e6-7670-1a74-af6b0c9d8171', 'GV-2150', '7c6369f2-18d3-679e-d7ab-8b7af6721bcf', 'Nguyễn Minh Hân ', 'Thanh xuân - Hà Nội', '36d49e18142bf9a272383c6b6e1d0c833d47b85002e08177b2a4f09b78be70d5', '09804608654', 'suporterA8@gmail.com', 'Gray', '34e2b4cc-3758-293d-7aa4-4b24de418577', '2023-03-01 15:23:41', NULL, NULL, 'pttam'),
('7e107860-6d5f-186f-48d4-35a726f0ef4c', 'GV-5749', '592b006d-6335-6101-edf6-092cdb0ab5e8', 'Trần Thái Lệ ', 'Tôn Thất Thuyết - Hà Nội', '36d49e18142bf9a272383c6b6e1d0c833d47b85002e08177b2a4f09b78be70d5', '09265820210', 'thaile@gmail.com', 'Purple', '2000637a-2a69-2e7e-a135-f63bd3f197bd', '2023-01-01 00:02:13', 'pttam', '2023-02-26 06:03:13', 'pttam'),
('7e5a9841-37a8-73d2-ce54-0f2512404bdf', 'GV-6397', '35251a6d-3944-4983-ba47-901f27b89d18', 'Nguyễn Thị Thanh ', 'Nguyễn Chí Thanh - Hà Nội', '36d49e18142bf9a272383c6b6e1d0c833d47b85002e08177b2a4f09b78be70d5', '09034295316', 'thanhthanh@gmail.com', 'LAVENDER', '27f91d6c-14b1-6c74-92ef-c9d5c2d91e91', '2023-01-01 01:31:07', 'pttam', '2023-01-01 00:29:33', 'pttam'),
('7ea4a87d-2293-636d-37bf-2d1df1341b8b', 'GV-6532', '35251a6d-3944-4983-ba47-901f27b89d18', 'Nguyễn Ngọc Ngọc ', 'Nguyễn Chí Thanh - Hà Nội', '36d49e18142bf9a272383c6b6e1d0c833d47b85002e08177b2a4f09b78be70d5', '09944679042', 'ngocngocnguyen@gmail.com', 'Yellow', '2000637a-2a69-2e7e-a135-f63bd3f197bd', '2023-03-17 22:18:15', 'pttam', '2023-01-01 00:00:03', 'pttam'),
('7eae0314-2b9b-18f2-e29f-8dd6f6d7e4f8', 'GV-2764', '592b006d-6335-6101-edf6-092cdb0ab5e8', 'Nguyễn Thị Hoa ', 'Tôn Thất Thuyết - Hà Nội', '36d49e18142bf9a272383c6b6e1d0c833d47b85002e08177b2a4f09b78be70d5', '09812623087', 'hoahoa2k1@gmail.com', 'Orange', '2000637a-2a69-2e7e-a135-f63bd3f197bd', '2023-01-01 00:08:53', NULL, NULL, 'pttam'),
('7ff6d971-2e0e-4fa3-1a0f-df0f613299a6', 'GV-8970', '35251a6d-3944-4983-ba47-901f27b89d18', 'Nguyễn Việt Anh ', 'Thanh xuân - Hà Nội', '36d49e18142bf9a272383c6b6e1d0c833d47b85002e08177b2a4f09b78be70d5', '09023749526', 'vietanh@gmail.com', 'LAVENDER', '3e39129b-279f-623f-88ea-778aee59fea3', '2023-01-01 00:00:54', 'pttam', '2023-01-01 00:00:06', 'pttam'),
('85e4318c-3727-43ea-95f8-9b99ec2ef3c0', 'GV-10002', '592b006d-6335-6101-edf6-092cdb0ab5e8', 'Quang Diep Bui', '', '2ff3db99712e4610e292e8560c8825f829b644c697ce08754aadb3cb2d3d717e', '', 'bookingroomad@gmail.com', 'blue', '6528b15d-6674-724f-79a4-4b24de418577', '2023-06-04 22:06:51', 'bqdiep@gmail.com', '2023-06-04 22:06:51', 'bqdiep@gmail.com'),
('8aeab497-510b-4387-9451-d57406af3708', 'KH-4378', '57db56b9-69ed-11ee-8a24-040e3cab354b', 'quangdiep12345@gmail.com', '', 'bfee2e2a7616a918089964f7aacecbaf4ead04512500383d2fd8cef670308de0', 'string', 'quangdiep934@gmail.com', '#88A222', '7c58ad4d-69ed-11ee-8a24-040e3cab354b', '2023-10-14 02:57:39', 'bqdiep@gmail.com', '2023-10-14 02:57:39', 'bqdiep@gmail.com'),
('a79d2f22-22e3-48ef-ba8f-09e29c8df491', 'KH-1011', '57db56b9-69ed-11ee-8a24-040e3cab354b', 'quangdiep1234@gmail.com', '', 'bfee2e2a7616a918089964f7aacecbaf4ead04512500383d2fd8cef670308de0', 'string', 'quangdiep934@gmail.com', '#88A222', '7c58ad4d-69ed-11ee-8a24-040e3cab354b', '2023-10-14 02:55:49', 'bqdiep@gmail.com', '2023-10-14 02:55:49', 'bqdiep@gmail.com'),
('bc6f8552-4891-429d-b724-f42dd631b1a5', 'KH-1198', '57db56b9-69ed-11ee-8a24-040e3cab354b', 'quangdiep1238@gmail.com', '', '36d49e18142bf9a272383c6b6e1d0c833d47b85002e08177b2a4f09b78be70d5', 'string', 'quangdiep1238@gmail.com', 'KH', '7c58ad4d-69ed-11ee-8a24-040e3cab354b', '2023-10-15 15:16:12', 'bqdiep@gmail.com', '2023-10-15 15:16:12', 'bqdiep@gmail.com'),
('c37fd320-92f4-4dc0-a7a0-fa10b424ef4b', 'KH-2984', '57db56b9-69ed-11ee-8a24-040e3cab354b', 'quangdiep123@gmail.com', '', '36d49e18142bf9a272383c6b6e1d0c833d47b85002e08177b2a4f09b78be70d5', 'string', 'quangdiep934@gmail.com', '#88A222', '7c58ad4d-69ed-11ee-8a24-040e3cab354b', '2023-10-14 02:51:51', 'bqdiep@gmail.com', '2023-10-14 02:51:51', 'bqdiep@gmail.com'),
('cf4ed9b9-2f35-4f0a-a8e1-0a68174bc7be', 'GV-10006', '4fac4b9e-6c96-177f-d292-0ed10b503732', 'Nguyễn Trung Đức', '', '36d49e18142bf9a272383c6b6e1d0c833d47b85002e08177b2a4f09b78be70d5', '0378969331', 'ducxeko11245@gmail.com', '#97D895', '2000637a-2a69-2e7e-a135-f63bd3f197bd', '2023-10-14 11:39:24', 'bqdiep@gmail.com', '2023-10-14 11:39:24', 'bqdiep@gmail.com'),
('dcbc07a7-689a-4215-a8e6-dcb31e895c02', 'GV-10003', '592b006d-6335-6101-edf6-092cdb0ab5e8', 'bùi quang điệp', '', '36d49e18142bf9a272383c6b6e1d0c833d47b85002e08177b2a4f09b78be70d5', '09214234', 'quangdiep967@gmail.com', '#88A222', '2000637a-2a69-2e7e-a135-f63bd3f197bd', '2023-06-05 09:16:09', 'bqdiep@gmail.com', '2023-06-05 09:16:09', 'bqdiep@gmail.com'),
('f2fbc283-1fad-4569-8318-180ac5a7a6b1', 'KH-5924', '57db56b9-69ed-11ee-8a24-040e3cab354b', 'ducxeko11246@gmail.com', '', '36d49e18142bf9a272383c6b6e1d0c833d47b85002e08177b2a4f09b78be70d5', 'string', 'ducxeko11246@gmail.com', '#88A222', '7c58ad4d-69ed-11ee-8a24-040e3cab354b', '2023-10-14 12:00:27', 'bqdiep@gmail.com', '2023-10-14 12:00:27', 'bqdiep@gmail.com'),
('f82630c3-007e-4a0d-a500-27854dde0110', 'GV-10005', '592b006d-6335-6101-edf6-092cdb0ab5e8', 'diep bui', '', '312ffbeea9f1176f3d3bec6a4a29b2fb42e945adce267189257886d2c61a005d', '', 'quangdiep2317@gmail.com', 'blue', '6528b15d-6674-724f-79a4-4b24de418577', '2023-10-13 21:20:15', 'bqdiep@gmail.com', '2023-10-13 21:20:15', 'bqdiep@gmail.com');

-- 
-- Dumping data for table room
--
INSERT INTO room VALUES
('4f097c30-5cce-4403-a4bb-b20a9e76b4e1', 'p102a1', '74ceff62-7307-57fa-17cb-d470555a8656', 'Phòng 102a1', 45, 0, '53adba37-0f74-4781-9eb0-aad684c2018d', '1f60e54f-196f-45f3-5498-ae38c5379e4b', '2023-05-21 16:00:51', 'pttam@gmail.com', '2023-05-21 16:00:51', 'pttam@gmail.com', '676c50b7-4130-6122-b044-6bc098520b79,6fd9cee5-30b5-5670-79ff-f8ad76748b41,6e0e23cc-5dbb-6fe0-8b0b-d111d7560dd1,1c1fcd85-59ec-7f23-924a-775f5b0c255b,3f7bb059-6c87-1b53-7f6a-e0860b0602ba', 'Máy chiếu + Micro + Quạt trần + Wi-fi + Điều hòa ', 'Phạm Thị Tâm', 'phamtamhg01@gmail.com', '6252d866-1eaf-63c0-38bf-2d1df1341b8b', 'Nguyễn Tuấn Thanh ', 'suporterA3@gmail.com', '#5E5006', 'Purple'),
('8985c3e5-ccb9-11ed-8def-f8b46ac25bb6', '101-A4', '74ceff62-7307-57fa-17cb-d470555a8656', 'Phòng 101-A4', 30, 1, '7d8de15e-18ba-467b-9cac-edf92a1353ac', '1949dae3-4d44-217e-9c66-a58ab8ff47ca', '2023-10-15 11:04:19', 'bqdiep@gmail.com', '2023-10-15 11:04:19', 'bqdiep@gmail.com', '676c50b7-4130-6122-b044-6bc098520b79,6e0e23cc-5dbb-6fe0-8b0b-d111d7560dd1,1c1fcd85-59ec-7f23-924a-775f5b0c255b', 'Máy chiếu + Quạt trần + Wi-fi ', 'Bùi Quang Điệp', 'buiquangdiep@gmail.com', '71dc3240-3b4d-337a-4ad4-35a726f0ef4c', 'Nguyễn Minh Giang ', 'suporterA4@gmail.com', '#0978AA', 'Red'),
('8985c99f-ccb9-11ed-8def-f8b46ac25bb6', '102-A4', '74ceff62-7307-57fa-17cb-d470555a8656', 'Phòng 102-A4', 50, 1, '00000000-0000-0000-0000-000000000000', '1f60e54f-196f-45f3-5498-ae38c5379e4b', '2023-10-14 11:34:55', 'bqdiep@gmail.com', '2023-10-14 11:34:55', 'bqdiep@gmail.com', '6fd9cee5-30b5-5670-79ff-f8ad76748b41,1c1fcd85-59ec-7f23-924a-775f5b0c255b,3f7bb059-6c87-1b53-7f6a-e0860b0602ba', 'Micro + Wi-fi + Điều hòa ', 'Admin', 'Admin@gmail.com', '71dc3240-3b4d-337a-4ad4-35a726f0ef4c', 'Nguyễn Minh Giang ', 'suporterA4@gmail.com', 'VIOLET', 'Red'),
('8985cb1f-ccb9-11ed-8def-f8b46ac25bb6', '103-A4', '74ceff62-7307-57fa-17cb-d470555a8656', 'Phòng 103-A4', 70, 1, '7d8de15e-18ba-467b-9cac-edf92a1353ac', '1949dae3-4d44-217e-9c66-a58ab8ff47ca', '2023-05-21 16:01:05', 'pttam@gmail.com', '2023-05-21 16:01:05', 'pttam@gmail.com', '6fd9cee5-30b5-5670-79ff-f8ad76748b41,1c1fcd85-59ec-7f23-924a-775f5b0c255b', 'Micro + Wi-fi ', 'Bùi Quang Điệp', 'buiquangdiep@gmail.com', '71dc3240-3b4d-337a-4ad4-35a726f0ef4c', 'Nguyễn Minh Giang ', 'suporterA4@gmail.com', '#0978AA', 'Red'),
('8985cc24-ccb9-11ed-8def-f8b46ac25bb6', '104-A4', '74ceff62-7307-57fa-17cb-d470555a8656', 'Phòng 104-A4', 60, 1, '53adba37-0f74-4781-9eb0-aad684c2018d', '1949dae3-4d44-217e-9c66-a58ab8ff47ca', '2023-05-21 16:01:47', 'pttam@gmail.com', '2023-05-21 16:01:47', 'pttam@gmail.com', '6e0e23cc-5dbb-6fe0-8b0b-d111d7560dd1,1c1fcd85-59ec-7f23-924a-775f5b0c255b,3f7bb059-6c87-1b53-7f6a-e0860b0602ba', 'Quạt trần + Wi-fi + Điều hòa ', 'Phạm Thị Tâm', 'phamtamhg01@gmail.com', '71dc3240-3b4d-337a-4ad4-35a726f0ef4c', 'Nguyễn Minh Giang ', 'suporterA4@gmail.com', '#5E5006', 'Red'),
('8985cd25-ccb9-11ed-8def-f8b46ac25bb6', '105-A4', '74ceff62-7307-57fa-17cb-d470555a8656', 'Phòng 105-A4', 90, 1, '53adba37-0f74-4781-9eb0-aad684c2018d', '1949dae3-4d44-217e-9c66-a58ab8ff47ca', '2023-05-21 16:02:28', 'pttam@gmail.com', '2023-05-21 16:02:28', 'pttam@gmail.com', '6e0e23cc-5dbb-6fe0-8b0b-d111d7560dd1,3f7bb059-6c87-1b53-7f6a-e0860b0602ba', 'Quạt trần + Điều hòa ', 'Phạm Thị Tâm', 'phamtamhg01@gmail.com', '71dc3240-3b4d-337a-4ad4-35a726f0ef4c', 'Nguyễn Minh Giang ', 'suporterA4@gmail.com', '#5E5006', 'Red'),
('8985ceb0-ccb9-11ed-8def-f8b46ac25bb6', '201-A4', '74ceff62-7307-57fa-17cb-d470555a8656', 'Phòng 201-A4', 30, 1, '53adba37-0f74-4781-9eb0-aad684c2018d', '1949dae3-4d44-217e-9c66-a58ab8ff47ca', NULL, NULL, NULL, NULL, '1c1fcd85-59ec-7f23-924a-775f5b0c255b', 'Wi-fi', 'Phạm Thị Tâm', 'phamtamhg01@gmail.com', '71dc3240-3b4d-337a-4ad4-35a726f0ef4c', 'Nguyễn Minh Giang ', 'suporterA4@gmail.com', '#5E5006', 'Red'),
('8985d036-ccb9-11ed-8def-f8b46ac25bb6', '202-A4', '74ceff62-7307-57fa-17cb-d470555a8656', 'Phòng 202-A4', 50, 1, '53adba37-0f74-4781-9eb0-aad684c2018d', '1949dae3-4d44-217e-9c66-a58ab8ff47ca', '2023-05-21 16:03:10', 'pttam@gmail.com', '2023-05-21 16:03:10', 'pttam@gmail.com', '6fd9cee5-30b5-5670-79ff-f8ad76748b41,6e0e23cc-5dbb-6fe0-8b0b-d111d7560dd1,3f7bb059-6c87-1b53-7f6a-e0860b0602ba', 'Micro + Quạt trần + Điều hòa ', 'Phạm Thị Tâm', 'phamtamhg01@gmail.com', '71dc3240-3b4d-337a-4ad4-35a726f0ef4c', 'Nguyễn Minh Giang ', 'suporterA4@gmail.com', '#5E5006', 'Red'),
('8985d17d-ccb9-11ed-8def-f8b46ac25bb6', '203-A4', '74ceff62-7307-57fa-17cb-d470555a8656', 'Phòng 203-A4', 70, 1, '53adba37-0f74-4781-9eb0-aad684c2018d', '1949dae3-4d44-217e-9c66-a58ab8ff47ca', NULL, NULL, NULL, NULL, '1c1fcd85-59ec-7f23-924a-775f5b0c255b', 'Wi-fi', 'Phạm Thị Tâm', 'phamtamhg01@gmail.com', '71dc3240-3b4d-337a-4ad4-35a726f0ef4c', 'Nguyễn Minh Giang ', 'suporterA4@gmail.com', '#5E5006', 'Red'),
('8985d27f-ccb9-11ed-8def-f8b46ac25bb6', '204-A4', '74ceff62-7307-57fa-17cb-d470555a8656', 'Phòng 204-A4', 60, 1, '53adba37-0f74-4781-9eb0-aad684c2018d', '1949dae3-4d44-217e-9c66-a58ab8ff47ca', '2023-05-21 16:03:38', 'pttam@gmail.com', '2023-05-21 16:03:38', 'pttam@gmail.com', '676c50b7-4130-6122-b044-6bc098520b79,3f7bb059-6c87-1b53-7f6a-e0860b0602ba', 'Máy chiếu + Điều hòa ', 'Phạm Thị Tâm', 'phamtamhg01@gmail.com', '71dc3240-3b4d-337a-4ad4-35a726f0ef4c', 'Nguyễn Minh Giang ', 'suporterA4@gmail.com', '#5E5006', 'Red'),
('8985d392-ccb9-11ed-8def-f8b46ac25bb6', '205-A4', '74ceff62-7307-57fa-17cb-d470555a8656', 'Phòng 205-A4', 90, 1, '53adba37-0f74-4781-9eb0-aad684c2018d', '1949dae3-4d44-217e-9c66-a58ab8ff47ca', NULL, NULL, NULL, NULL, '3f7bb059-6c87-1b53-7f6a-e0860b0602ba', 'Điều hòa', 'Phạm Thị Tâm', 'phamtamhg01@gmail.com', '71dc3240-3b4d-337a-4ad4-35a726f0ef4c', 'Nguyễn Minh Giang ', 'suporterA4@gmail.com', '#5E5006', 'Red'),
('8985d4f3-ccb9-11ed-8def-f8b46ac25bb6', '301-A4', '74ceff62-7307-57fa-17cb-d470555a8656', 'Phòng 301-A4', 30, 1, '53adba37-0f74-4781-9eb0-aad684c2018d', '1949dae3-4d44-217e-9c66-a58ab8ff47ca', NULL, NULL, NULL, NULL, '3f7bb059-6c87-1b53-7f6a-e0860b0602ba', 'Điều hòa', 'Phạm Thị Tâm', 'phamtamhg01@gmail.com', '71dc3240-3b4d-337a-4ad4-35a726f0ef4c', 'Nguyễn Minh Giang ', 'suporterA4@gmail.com', '#5E5006', 'Red'),
('8985d5ef-ccb9-11ed-8def-f8b46ac25bb6', '302-A4', '74ceff62-7307-57fa-17cb-d470555a8656', 'Phòng 302-A4', 50, 1, '53adba37-0f74-4781-9eb0-aad684c2018d', '1949dae3-4d44-217e-9c66-a58ab8ff47ca', NULL, NULL, NULL, NULL, '3f7bb059-6c87-1b53-7f6a-e0860b0602ba', 'Điều hòa', 'Phạm Thị Tâm', 'phamtamhg01@gmail.com', '71dc3240-3b4d-337a-4ad4-35a726f0ef4c', 'Nguyễn Minh Giang ', 'suporterA4@gmail.com', '#5E5006', 'Red'),
('8985d6ed-ccb9-11ed-8def-f8b46ac25bb6', '303-A4', '74ceff62-7307-57fa-17cb-d470555a8656', 'Phòng 303-A4', 70, 1, '53adba37-0f74-4781-9eb0-aad684c2018d', '1949dae3-4d44-217e-9c66-a58ab8ff47ca', NULL, NULL, NULL, NULL, '3f7bb059-6c87-1b53-7f6a-e0860b0602ba', 'Điều hòa', 'Phạm Thị Tâm', 'phamtamhg01@gmail.com', '71dc3240-3b4d-337a-4ad4-35a726f0ef4c', 'Nguyễn Minh Giang ', 'suporterA4@gmail.com', '#5E5006', 'Red'),
('8985d7cd-ccb9-11ed-8def-f8b46ac25bb6', '304-A4', '74ceff62-7307-57fa-17cb-d470555a8656', 'Phòng 304-A4', 60, 1, '53adba37-0f74-4781-9eb0-aad684c2018d', '1949dae3-4d44-217e-9c66-a58ab8ff47ca', '2023-05-21 16:04:00', 'pttam@gmail.com', '2023-05-21 16:04:00', 'pttam@gmail.com', '6fd9cee5-30b5-5670-79ff-f8ad76748b41,3f7bb059-6c87-1b53-7f6a-e0860b0602ba', 'Micro + Điều hòa ', 'Phạm Thị Tâm', 'phamtamhg01@gmail.com', '71dc3240-3b4d-337a-4ad4-35a726f0ef4c', 'Nguyễn Minh Giang ', 'suporterA4@gmail.com', '#5E5006', 'Red'),
('8985d8da-ccb9-11ed-8def-f8b46ac25bb6', '305-A4', '74ceff62-7307-57fa-17cb-d470555a8656', 'Phòng 305-A4', 90, 1, '53adba37-0f74-4781-9eb0-aad684c2018d', '1949dae3-4d44-217e-9c66-a58ab8ff47ca', NULL, NULL, NULL, NULL, '3f7bb059-6c87-1b53-7f6a-e0860b0602ba', 'Điều hòa', 'Phạm Thị Tâm', 'phamtamhg01@gmail.com', '71dc3240-3b4d-337a-4ad4-35a726f0ef4c', 'Nguyễn Minh Giang ', 'suporterA4@gmail.com', '#5E5006', 'Red'),
('8985da36-ccb9-11ed-8def-f8b46ac25bb6', '401-A4', '74ceff62-7307-57fa-17cb-d470555a8656', 'Phòng 401-A4', 30, 1, '53adba37-0f74-4781-9eb0-aad684c2018d', '1949dae3-4d44-217e-9c66-a58ab8ff47ca', NULL, NULL, NULL, NULL, '3f7bb059-6c87-1b53-7f6a-e0860b0602ba', 'Điều hòa', 'Phạm Thị Tâm', 'phamtamhg01@gmail.com', '71dc3240-3b4d-337a-4ad4-35a726f0ef4c', 'Nguyễn Minh Giang ', 'suporterA4@gmail.com', '#5E5006', 'Red'),
('8985db28-ccb9-11ed-8def-f8b46ac25bb6', '402-A4', '74ceff62-7307-57fa-17cb-d470555a8656', 'Phòng 402-A4', 50, 1, '53adba37-0f74-4781-9eb0-aad684c2018d', '1949dae3-4d44-217e-9c66-a58ab8ff47ca', NULL, NULL, NULL, NULL, '3f7bb059-6c87-1b53-7f6a-e0860b0602ba', 'Điều hòa', 'Phạm Thị Tâm', 'phamtamhg01@gmail.com', '71dc3240-3b4d-337a-4ad4-35a726f0ef4c', 'Nguyễn Minh Giang ', 'suporterA4@gmail.com', '#5E5006', 'Red'),
('8985dc36-ccb9-11ed-8def-f8b46ac25bb6', '403-A4', '74ceff62-7307-57fa-17cb-d470555a8656', 'Phòng 403-A4', 70, 1, '53adba37-0f74-4781-9eb0-aad684c2018d', '1949dae3-4d44-217e-9c66-a58ab8ff47ca', NULL, NULL, NULL, NULL, '3f7bb059-6c87-1b53-7f6a-e0860b0602ba', 'Điều hòa', 'Phạm Thị Tâm', 'phamtamhg01@gmail.com', '71dc3240-3b4d-337a-4ad4-35a726f0ef4c', 'Nguyễn Minh Giang ', 'suporterA4@gmail.com', '#5E5006', 'Red'),
('8985dd27-ccb9-11ed-8def-f8b46ac25bb6', '404-A4', '74ceff62-7307-57fa-17cb-d470555a8656', 'Phòng 404-A4', 60, 1, '53adba37-0f74-4781-9eb0-aad684c2018d', '1949dae3-4d44-217e-9c66-a58ab8ff47ca', NULL, NULL, NULL, NULL, '3f7bb059-6c87-1b53-7f6a-e0860b0602ba', 'Điều hòa', 'Phạm Thị Tâm', 'phamtamhg01@gmail.com', '71dc3240-3b4d-337a-4ad4-35a726f0ef4c', 'Nguyễn Minh Giang ', 'suporterA4@gmail.com', '#5E5006', 'Red'),
('8985de1a-ccb9-11ed-8def-f8b46ac25bb6', '405-A4', '74ceff62-7307-57fa-17cb-d470555a8656', 'Phòng 405-A4', 90, 1, '53adba37-0f74-4781-9eb0-aad684c2018d', '1949dae3-4d44-217e-9c66-a58ab8ff47ca', NULL, NULL, NULL, NULL, '3f7bb059-6c87-1b53-7f6a-e0860b0602ba', 'Điều hòa', 'Phạm Thị Tâm', 'phamtamhg01@gmail.com', '71dc3240-3b4d-337a-4ad4-35a726f0ef4c', 'Nguyễn Minh Giang ', 'suporterA4@gmail.com', '#5E5006', 'Red'),
('8985df0a-ccb9-11ed-8def-f8b46ac25bb6', '501-A4', '74ceff62-7307-57fa-17cb-d470555a8656', 'Phòng 501-A4', 30, 1, '53adba37-0f74-4781-9eb0-aad684c2018d', '1949dae3-4d44-217e-9c66-a58ab8ff47ca', NULL, NULL, NULL, NULL, '3f7bb059-6c87-1b53-7f6a-e0860b0602ba', 'Điều hòa', 'Phạm Thị Tâm', 'phamtamhg01@gmail.com', '71dc3240-3b4d-337a-4ad4-35a726f0ef4c', 'Nguyễn Minh Giang ', 'suporterA4@gmail.com', '#5E5006', 'Red'),
('8985dff8-ccb9-11ed-8def-f8b46ac25bb6', '502-A4', '74ceff62-7307-57fa-17cb-d470555a8656', 'Phòng 502-A4', 50, 1, '53adba37-0f74-4781-9eb0-aad684c2018d', '1949dae3-4d44-217e-9c66-a58ab8ff47ca', NULL, NULL, NULL, NULL, '3f7bb059-6c87-1b53-7f6a-e0860b0602ba', 'Điều hòa', 'Phạm Thị Tâm', 'phamtamhg01@gmail.com', '71dc3240-3b4d-337a-4ad4-35a726f0ef4c', 'Nguyễn Minh Giang ', 'suporterA4@gmail.com', '#5E5006', 'Red'),
('8985e0fe-ccb9-11ed-8def-f8b46ac25bb6', '503-A4', '74ceff62-7307-57fa-17cb-d470555a8656', 'Phòng 503-A4', 70, 1, '53adba37-0f74-4781-9eb0-aad684c2018d', '1949dae3-4d44-217e-9c66-a58ab8ff47ca', NULL, NULL, NULL, NULL, '3f7bb059-6c87-1b53-7f6a-e0860b0602ba', 'Điều hòa', 'Phạm Thị Tâm', 'phamtamhg01@gmail.com', '71dc3240-3b4d-337a-4ad4-35a726f0ef4c', 'Nguyễn Minh Giang ', 'suporterA4@gmail.com', '#5E5006', 'Red'),
('8985e212-ccb9-11ed-8def-f8b46ac25bb6', '504-A4', '74ceff62-7307-57fa-17cb-d470555a8656', 'Phòng 504-A4', 60, 1, '53adba37-0f74-4781-9eb0-aad684c2018d', '1949dae3-4d44-217e-9c66-a58ab8ff47ca', NULL, NULL, NULL, NULL, '3f7bb059-6c87-1b53-7f6a-e0860b0602ba', 'Điều hòa', 'Phạm Thị Tâm', 'phamtamhg01@gmail.com', '71dc3240-3b4d-337a-4ad4-35a726f0ef4c', 'Nguyễn Minh Giang ', 'suporterA4@gmail.com', '#5E5006', 'Red'),
('8985e319-ccb9-11ed-8def-f8b46ac25bb6', '505-A4', '74ceff62-7307-57fa-17cb-d470555a8656', 'Phòng 505-A4', 90, 1, '53adba37-0f74-4781-9eb0-aad684c2018d', '1949dae3-4d44-217e-9c66-a58ab8ff47ca', NULL, NULL, NULL, NULL, '3f7bb059-6c87-1b53-7f6a-e0860b0602ba', 'Điều hòa', 'Phạm Thị Tâm', 'phamtamhg01@gmail.com', '71dc3240-3b4d-337a-4ad4-35a726f0ef4c', 'Nguyễn Minh Giang ', 'suporterA4@gmail.com', '#5E5006', 'Red'),
('9bb1c410-ccb9-11ed-8def-f8b46ac25bb6', '101-A1', '74ceff62-7307-57fa-17cb-d470555a8656', 'Phòng 101-A1', 30, 1, '7d8de15e-18ba-467b-9cac-edf92a1353ac', '1f60e54f-196f-45f3-5498-ae38c5379e4b', '2023-10-15 11:03:56', 'bqdiep@gmail.com', '2023-10-15 11:03:56', 'bqdiep@gmail.com', '676c50b7-4130-6122-b044-6bc098520b79,6fd9cee5-30b5-5670-79ff-f8ad76748b41,6e0e23cc-5dbb-6fe0-8b0b-d111d7560dd1', 'Máy chiếu + Micro + Quạt trần ', 'Bùi Quang Điệp', 'buiquangdiep@gmail.com', '4265be30-7131-6319-3389-b7f541585633', 'Hoàng Văn Hương ', 'suporterA1@gmail.com', '#0978AA', 'Pink'),
('9bb1c98c-ccb9-11ed-8def-f8b46ac25bb6', '102-A1', '74ceff62-7307-57fa-17cb-d470555a8656', 'Phòng 102-A1', 50, 1, '00000000-0000-0000-0000-000000000000', '1f60e54f-196f-45f3-5498-ae38c5379e4b', '2023-10-14 11:32:19', 'bqdiep@gmail.com', '2023-10-14 11:32:19', 'bqdiep@gmail.com', '676c50b7-4130-6122-b044-6bc098520b79,1c1fcd85-59ec-7f23-924a-775f5b0c255b', 'Máy chiếu + Wi-fi ', 'Admin', 'Admin@gmail.com', '4265be30-7131-6319-3389-b7f541585633', 'Hoàng Văn Hương ', 'suporterA1@gmail.com', 'VIOLET', 'Pink'),
('9bb1cb7e-ccb9-11ed-8def-f8b46ac25bb6', '103-A1', '74ceff62-7307-57fa-17cb-d470555a8656', 'Phòng 103-A1', 70, 1, '53adba37-0f74-4781-9eb0-aad684c2018d', '1f60e54f-196f-45f3-5498-ae38c5379e4b', '2023-05-21 16:00:53', 'pttam@gmail.com', '2023-05-21 16:00:53', 'pttam@gmail.com', '676c50b7-4130-6122-b044-6bc098520b79,6e0e23cc-5dbb-6fe0-8b0b-d111d7560dd1', 'Máy chiếu + Quạt trần ', 'Phạm Thị Tâm', 'phamtamhg01@gmail.com', '4265be30-7131-6319-3389-b7f541585633', 'Hoàng Văn Hương ', 'suporterA1@gmail.com', '#5E5006', 'Pink'),
('9bb1cda5-ccb9-11ed-8def-f8b46ac25bb6', '104-A1', '74ceff62-7307-57fa-17cb-d470555a8656', 'Phòng 104-A1', 60, 1, '53adba37-0f74-4781-9eb0-aad684c2018d', '1f60e54f-196f-45f3-5498-ae38c5379e4b', '2023-05-21 16:01:30', 'pttam@gmail.com', '2023-05-21 16:01:30', 'pttam@gmail.com', '676c50b7-4130-6122-b044-6bc098520b79,6e0e23cc-5dbb-6fe0-8b0b-d111d7560dd1,1c1fcd85-59ec-7f23-924a-775f5b0c255b', 'Máy chiếu + Quạt trần + Wi-fi ', 'Phạm Thị Tâm', 'phamtamhg01@gmail.com', '4265be30-7131-6319-3389-b7f541585633', 'Hoàng Văn Hương ', 'suporterA1@gmail.com', '#5E5006', 'Pink'),
('9bb1cf82-ccb9-11ed-8def-f8b46ac25bb6', '105-A1', '74ceff62-7307-57fa-17cb-d470555a8656', 'Phòng 105-A1', 90, 1, '53adba37-0f74-4781-9eb0-aad684c2018d', '1f60e54f-196f-45f3-5498-ae38c5379e4b', '2023-05-21 16:02:08', 'pttam@gmail.com', '2023-05-21 16:02:08', 'pttam@gmail.com', '676c50b7-4130-6122-b044-6bc098520b79,6e0e23cc-5dbb-6fe0-8b0b-d111d7560dd1,3f7bb059-6c87-1b53-7f6a-e0860b0602ba', 'Máy chiếu + Quạt trần + Điều hòa ', 'Phạm Thị Tâm', 'phamtamhg01@gmail.com', '4265be30-7131-6319-3389-b7f541585633', 'Hoàng Văn Hương ', 'suporterA1@gmail.com', '#5E5006', 'Pink'),
('9bb1d0fd-ccb9-11ed-8def-f8b46ac25bb6', '201-A1', '74ceff62-7307-57fa-17cb-d470555a8656', 'Phòng 201-A1', 30, 1, '53adba37-0f74-4781-9eb0-aad684c2018d', '1f60e54f-196f-45f3-5498-ae38c5379e4b', '2023-05-21 16:02:51', 'pttam@gmail.com', '2023-05-21 16:02:51', 'pttam@gmail.com', '676c50b7-4130-6122-b044-6bc098520b79,6e0e23cc-5dbb-6fe0-8b0b-d111d7560dd1,3f7bb059-6c87-1b53-7f6a-e0860b0602ba', 'Máy chiếu + Quạt trần + Điều hòa ', 'Phạm Thị Tâm', 'phamtamhg01@gmail.com', '4265be30-7131-6319-3389-b7f541585633', 'Hoàng Văn Hương ', 'suporterA1@gmail.com', '#5E5006', 'Pink'),
('9bb1d219-ccb9-11ed-8def-f8b46ac25bb6', '202-A1', '74ceff62-7307-57fa-17cb-d470555a8656', 'Phòng 202-A1', 50, 1, '53adba37-0f74-4781-9eb0-aad684c2018d', '1f60e54f-196f-45f3-5498-ae38c5379e4b', '2023-05-21 16:03:01', 'pttam@gmail.com', '2023-05-21 16:03:01', 'pttam@gmail.com', '676c50b7-4130-6122-b044-6bc098520b79,6fd9cee5-30b5-5670-79ff-f8ad76748b41,6e0e23cc-5dbb-6fe0-8b0b-d111d7560dd1,3f7bb059-6c87-1b53-7f6a-e0860b0602ba', 'Máy chiếu + Micro + Quạt trần + Điều hòa ', 'Phạm Thị Tâm', 'phamtamhg01@gmail.com', '4265be30-7131-6319-3389-b7f541585633', 'Hoàng Văn Hương ', 'suporterA1@gmail.com', '#5E5006', 'Pink'),
('9bb1d344-ccb9-11ed-8def-f8b46ac25bb6', '203-A1', '74ceff62-7307-57fa-17cb-d470555a8656', 'Phòng 203-A1', 70, 1, '53adba37-0f74-4781-9eb0-aad684c2018d', '1f60e54f-196f-45f3-5498-ae38c5379e4b', NULL, NULL, NULL, NULL, '676c50b7-4130-6122-b044-6bc098520b79', 'Máy chiếu', 'Phạm Thị Tâm', 'phamtamhg01@gmail.com', '4265be30-7131-6319-3389-b7f541585633', 'Hoàng Văn Hương ', 'suporterA1@gmail.com', '#5E5006', 'Pink'),
('9bb1d6b1-ccb9-11ed-8def-f8b46ac25bb6', '204-A1', '74ceff62-7307-57fa-17cb-d470555a8656', 'Phòng 204-A1', 60, 1, '53adba37-0f74-4781-9eb0-aad684c2018d', '1f60e54f-196f-45f3-5498-ae38c5379e4b', NULL, NULL, NULL, NULL, '676c50b7-4130-6122-b044-6bc098520b79', 'Máy chiếu', 'Phạm Thị Tâm', 'phamtamhg01@gmail.com', '4265be30-7131-6319-3389-b7f541585633', 'Hoàng Văn Hương ', 'suporterA1@gmail.com', '#5E5006', 'Pink'),
('9bb1d7d5-ccb9-11ed-8def-f8b46ac25bb6', '205-A1', '74ceff62-7307-57fa-17cb-d470555a8656', 'Phòng 205-A1', 90, 1, '53adba37-0f74-4781-9eb0-aad684c2018d', '1f60e54f-196f-45f3-5498-ae38c5379e4b', NULL, NULL, NULL, NULL, '676c50b7-4130-6122-b044-6bc098520b79', 'Máy chiếu', 'Phạm Thị Tâm', 'phamtamhg01@gmail.com', '4265be30-7131-6319-3389-b7f541585633', 'Hoàng Văn Hương ', 'suporterA1@gmail.com', '#5E5006', 'Pink'),
('9bb1d97c-ccb9-11ed-8def-f8b46ac25bb6', '301-A1', '74ceff62-7307-57fa-17cb-d470555a8656', 'Phòng 301-A1', 30, 1, '53adba37-0f74-4781-9eb0-aad684c2018d', '1f60e54f-196f-45f3-5498-ae38c5379e4b', NULL, NULL, NULL, NULL, '676c50b7-4130-6122-b044-6bc098520b79', 'Máy chiếu', 'Phạm Thị Tâm', 'phamtamhg01@gmail.com', '4265be30-7131-6319-3389-b7f541585633', 'Hoàng Văn Hương ', 'suporterA1@gmail.com', '#5E5006', 'Pink'),
('9bb1dae0-ccb9-11ed-8def-f8b46ac25bb6', '302-A1', '74ceff62-7307-57fa-17cb-d470555a8656', 'Phòng 302-A1', 50, 1, '53adba37-0f74-4781-9eb0-aad684c2018d', '1f60e54f-196f-45f3-5498-ae38c5379e4b', NULL, NULL, NULL, NULL, '676c50b7-4130-6122-b044-6bc098520b79', 'Máy chiếu', 'Phạm Thị Tâm', 'phamtamhg01@gmail.com', '4265be30-7131-6319-3389-b7f541585633', 'Hoàng Văn Hương ', 'suporterA1@gmail.com', '#5E5006', 'Pink'),
('9bb1dbf5-ccb9-11ed-8def-f8b46ac25bb6', '303-A1', '74ceff62-7307-57fa-17cb-d470555a8656', 'Phòng 303-A1', 70, 1, '53adba37-0f74-4781-9eb0-aad684c2018d', '1f60e54f-196f-45f3-5498-ae38c5379e4b', NULL, NULL, NULL, NULL, '676c50b7-4130-6122-b044-6bc098520b79', 'Máy chiếu', 'Phạm Thị Tâm', 'phamtamhg01@gmail.com', '4265be30-7131-6319-3389-b7f541585633', 'Hoàng Văn Hương ', 'suporterA1@gmail.com', '#5E5006', 'Pink'),
('9bb1dccc-ccb9-11ed-8def-f8b46ac25bb6', '304-A1', '74ceff62-7307-57fa-17cb-d470555a8656', 'Phòng 304-A1', 60, 1, '53adba37-0f74-4781-9eb0-aad684c2018d', '1f60e54f-196f-45f3-5498-ae38c5379e4b', NULL, NULL, NULL, NULL, '676c50b7-4130-6122-b044-6bc098520b79', 'Máy chiếu', 'Phạm Thị Tâm', 'phamtamhg01@gmail.com', '4265be30-7131-6319-3389-b7f541585633', 'Hoàng Văn Hương ', 'suporterA1@gmail.com', '#5E5006', 'Pink'),
('9bb1ddb0-ccb9-11ed-8def-f8b46ac25bb6', '305-A1', '74ceff62-7307-57fa-17cb-d470555a8656', 'Phòng 305-A1', 90, 1, '53adba37-0f74-4781-9eb0-aad684c2018d', '1f60e54f-196f-45f3-5498-ae38c5379e4b', NULL, NULL, NULL, NULL, '676c50b7-4130-6122-b044-6bc098520b79', 'Máy chiếu', 'Phạm Thị Tâm', 'phamtamhg01@gmail.com', '4265be30-7131-6319-3389-b7f541585633', 'Hoàng Văn Hương ', 'suporterA1@gmail.com', '#5E5006', 'Pink'),
('9bb1deae-ccb9-11ed-8def-f8b46ac25bb6', '401-A1', '74ceff62-7307-57fa-17cb-d470555a8656', 'Phòng 401-A1', 30, 1, '7d8de15e-18ba-467b-9cac-edf92a1353ac', '1f60e54f-196f-45f3-5498-ae38c5379e4b', NULL, NULL, NULL, NULL, '676c50b7-4130-6122-b044-6bc098520b79', 'Máy chiếu', 'Bùi Quang Điệp', 'buiquangdiep@gmail.com', '4265be30-7131-6319-3389-b7f541585633', 'Hoàng Văn Hương ', 'suporterA1@gmail.com', '#0978AA', 'Pink'),
('9bb1df89-ccb9-11ed-8def-f8b46ac25bb6', '402-A1', '74ceff62-7307-57fa-17cb-d470555a8656', 'Phòng 402-A1', 50, 1, '7d8de15e-18ba-467b-9cac-edf92a1353ac', '1f60e54f-196f-45f3-5498-ae38c5379e4b', NULL, NULL, NULL, NULL, '676c50b7-4130-6122-b044-6bc098520b79', 'Máy chiếu', 'Bùi Quang Điệp', 'buiquangdiep@gmail.com', '4265be30-7131-6319-3389-b7f541585633', 'Hoàng Văn Hương ', 'suporterA1@gmail.com', '#0978AA', 'Pink'),
('9bb1e056-ccb9-11ed-8def-f8b46ac25bb6', '403-A1', '74ceff62-7307-57fa-17cb-d470555a8656', 'Phòng 403-A1', 70, 1, '7d8de15e-18ba-467b-9cac-edf92a1353ac', '1f60e54f-196f-45f3-5498-ae38c5379e4b', NULL, NULL, NULL, NULL, '676c50b7-4130-6122-b044-6bc098520b79', 'Máy chiếu', 'Bùi Quang Điệp', 'buiquangdiep@gmail.com', '4265be30-7131-6319-3389-b7f541585633', 'Hoàng Văn Hương ', 'suporterA1@gmail.com', '#0978AA', 'Pink'),
('9bb1e125-ccb9-11ed-8def-f8b46ac25bb6', '404-A1', '74ceff62-7307-57fa-17cb-d470555a8656', 'Phòng 404-A1', 60, 1, '7d8de15e-18ba-467b-9cac-edf92a1353ac', '1f60e54f-196f-45f3-5498-ae38c5379e4b', NULL, NULL, NULL, NULL, '676c50b7-4130-6122-b044-6bc098520b79', 'Máy chiếu', 'Bùi Quang Điệp', 'buiquangdiep@gmail.com', '4265be30-7131-6319-3389-b7f541585633', 'Hoàng Văn Hương ', 'suporterA1@gmail.com', '#0978AA', 'Pink'),
('9bb1e209-ccb9-11ed-8def-f8b46ac25bb6', '405-A1', '74ceff62-7307-57fa-17cb-d470555a8656', 'Phòng 405-A1', 90, 1, '7d8de15e-18ba-467b-9cac-edf92a1353ac', '1f60e54f-196f-45f3-5498-ae38c5379e4b', NULL, NULL, NULL, NULL, '676c50b7-4130-6122-b044-6bc098520b79', 'Máy chiếu', 'Bùi Quang Điệp', 'buiquangdiep@gmail.com', '4265be30-7131-6319-3389-b7f541585633', 'Hoàng Văn Hương ', 'suporterA1@gmail.com', '#0978AA', 'Pink'),
('9bb1e2e2-ccb9-11ed-8def-f8b46ac25bb6', '501-A1', '74ceff62-7307-57fa-17cb-d470555a8656', 'Phòng 501-A1', 30, 1, '7d8de15e-18ba-467b-9cac-edf92a1353ac', '1f60e54f-196f-45f3-5498-ae38c5379e4b', NULL, NULL, NULL, NULL, '676c50b7-4130-6122-b044-6bc098520b79', 'Máy chiếu', 'Bùi Quang Điệp', 'buiquangdiep@gmail.com', '4265be30-7131-6319-3389-b7f541585633', 'Hoàng Văn Hương ', 'suporterA1@gmail.com', '#0978AA', 'Pink'),
('9bb1e3a9-ccb9-11ed-8def-f8b46ac25bb6', '502-A1', '74ceff62-7307-57fa-17cb-d470555a8656', 'Phòng 502-A1', 50, 1, '7d8de15e-18ba-467b-9cac-edf92a1353ac', '1f60e54f-196f-45f3-5498-ae38c5379e4b', NULL, NULL, NULL, NULL, '676c50b7-4130-6122-b044-6bc098520b79', 'Máy chiếu', 'Bùi Quang Điệp', 'buiquangdiep@gmail.com', '4265be30-7131-6319-3389-b7f541585633', 'Hoàng Văn Hương ', 'suporterA1@gmail.com', '#0978AA', 'Pink'),
('9bb1e489-ccb9-11ed-8def-f8b46ac25bb6', '503-A1', '74ceff62-7307-57fa-17cb-d470555a8656', 'Phòng 503-A1', 70, 1, '7d8de15e-18ba-467b-9cac-edf92a1353ac', '1f60e54f-196f-45f3-5498-ae38c5379e4b', NULL, NULL, NULL, NULL, '676c50b7-4130-6122-b044-6bc098520b79', 'Máy chiếu', 'Bùi Quang Điệp', 'buiquangdiep@gmail.com', '4265be30-7131-6319-3389-b7f541585633', 'Hoàng Văn Hương ', 'suporterA1@gmail.com', '#0978AA', 'Pink'),
('9bb1e55b-ccb9-11ed-8def-f8b46ac25bb6', '504-A1', '74ceff62-7307-57fa-17cb-d470555a8656', 'Phòng 504-A1', 60, 1, '7d8de15e-18ba-467b-9cac-edf92a1353ac', '1f60e54f-196f-45f3-5498-ae38c5379e4b', NULL, NULL, NULL, NULL, '676c50b7-4130-6122-b044-6bc098520b79', 'Máy chiếu', 'Bùi Quang Điệp', 'buiquangdiep@gmail.com', '4265be30-7131-6319-3389-b7f541585633', 'Hoàng Văn Hương ', 'suporterA1@gmail.com', '#0978AA', 'Pink'),
('9bb1e631-ccb9-11ed-8def-f8b46ac25bb6', '505-A1', '74ceff62-7307-57fa-17cb-d470555a8656', 'Phòng 505-A1', 90, 1, '7d8de15e-18ba-467b-9cac-edf92a1353ac', '1f60e54f-196f-45f3-5498-ae38c5379e4b', NULL, NULL, NULL, NULL, '676c50b7-4130-6122-b044-6bc098520b79', 'Máy chiếu', 'Bùi Quang Điệp', 'buiquangdiep@gmail.com', '4265be30-7131-6319-3389-b7f541585633', 'Hoàng Văn Hương ', 'suporterA1@gmail.com', '#0978AA', 'Pink'),
('a880cb05-ccb9-11ed-8def-f8b46ac25bb6', '101-A2', '74ceff62-7307-57fa-17cb-d470555a8656', 'Phòng 101-A2', 30, 1, '7d8de15e-18ba-467b-9cac-edf92a1353ac', '6827e1c0-5b98-6d19-831b-27d9d367aeb0', '2023-10-15 11:04:08', 'bqdiep@gmail.com', '2023-10-15 11:04:08', 'bqdiep@gmail.com', '676c50b7-4130-6122-b044-6bc098520b79,6fd9cee5-30b5-5670-79ff-f8ad76748b41', 'Máy chiếu + Micro ', 'Bùi Quang Điệp', 'buiquangdiep@gmail.com', '4edb35dc-793c-6dd4-cc54-0f2512404bdf', 'Nông Ngọc Diễm ', 'tampham2k1@gmail.com', '#0978AA', 'VIOLET'),
('a880d819-ccb9-11ed-8def-f8b46ac25bb6', '102-A2', '74ceff62-7307-57fa-17cb-d470555a8656', 'Phòng 102-A2', 50, 1, '7d8de15e-18ba-467b-9cac-edf92a1353ac', '6827e1c0-5b98-6d19-831b-27d9d367aeb0', '2023-10-15 11:04:43', 'bqdiep@gmail.com', '2023-10-15 11:04:43', 'bqdiep@gmail.com', '676c50b7-4130-6122-b044-6bc098520b79,6fd9cee5-30b5-5670-79ff-f8ad76748b41,6e0e23cc-5dbb-6fe0-8b0b-d111d7560dd1,1c1fcd85-59ec-7f23-924a-775f5b0c255b,3f7bb059-6c87-1b53-7f6a-e0860b0602ba', 'Máy chiếu + Micro + Quạt trần + Wi-fi + Điều hòa ', 'Bùi Quang Điệp', 'buiquangdiep@gmail.com', '4edb35dc-793c-6dd4-cc54-0f2512404bdf', 'Nông Ngọc Diễm ', 'tampham2k1@gmail.com', '#0978AA', 'VIOLET'),
('a880d9fe-ccb9-11ed-8def-f8b46ac25bb6', '103-A2', '74ceff62-7307-57fa-17cb-d470555a8656', 'Phòng 103-A2', 70, 1, '53adba37-0f74-4781-9eb0-aad684c2018d', '6827e1c0-5b98-6d19-831b-27d9d367aeb0', '2023-05-21 16:00:57', 'pttam@gmail.com', '2023-05-21 16:00:57', 'pttam@gmail.com', '676c50b7-4130-6122-b044-6bc098520b79,1c1fcd85-59ec-7f23-924a-775f5b0c255b', 'Máy chiếu + Wi-fi ', 'Phạm Thị Tâm', 'phamtamhg01@gmail.com', '4edb35dc-793c-6dd4-cc54-0f2512404bdf', 'Nông Ngọc Diễm ', 'tampham2k1@gmail.com', '#5E5006', 'VIOLET'),
('a880daef-ccb9-11ed-8def-f8b46ac25bb6', '104-A2', '74ceff62-7307-57fa-17cb-d470555a8656', 'Phòng 104-A2', 60, 1, '53adba37-0f74-4781-9eb0-aad684c2018d', '6827e1c0-5b98-6d19-831b-27d9d367aeb0', '2023-05-21 16:01:37', 'pttam@gmail.com', '2023-05-21 16:01:37', 'pttam@gmail.com', '676c50b7-4130-6122-b044-6bc098520b79,3f7bb059-6c87-1b53-7f6a-e0860b0602ba', 'Máy chiếu + Điều hòa ', 'Phạm Thị Tâm', 'phamtamhg01@gmail.com', '4edb35dc-793c-6dd4-cc54-0f2512404bdf', 'Nông Ngọc Diễm ', 'tampham2k1@gmail.com', '#5E5006', 'VIOLET'),
('a880dbf6-ccb9-11ed-8def-f8b46ac25bb6', '105-A2', '74ceff62-7307-57fa-17cb-d470555a8656', 'Phòng 105-A2', 90, 1, '53adba37-0f74-4781-9eb0-aad684c2018d', '6827e1c0-5b98-6d19-831b-27d9d367aeb0', '2023-05-21 16:02:13', 'pttam@gmail.com', '2023-05-21 16:02:13', 'pttam@gmail.com', '676c50b7-4130-6122-b044-6bc098520b79,6e0e23cc-5dbb-6fe0-8b0b-d111d7560dd1,1c1fcd85-59ec-7f23-924a-775f5b0c255b', 'Máy chiếu + Quạt trần + Wi-fi ', 'Phạm Thị Tâm', 'phamtamhg01@gmail.com', '4edb35dc-793c-6dd4-cc54-0f2512404bdf', 'Nông Ngọc Diễm ', 'tampham2k1@gmail.com', '#5E5006', 'VIOLET'),
('a880dce6-ccb9-11ed-8def-f8b46ac25bb6', '201-A2', '74ceff62-7307-57fa-17cb-d470555a8656', 'Phòng 201-A2', 30, 1, '53adba37-0f74-4781-9eb0-aad684c2018d', '6827e1c0-5b98-6d19-831b-27d9d367aeb0', NULL, NULL, NULL, NULL, '1c1fcd85-59ec-7f23-924a-775f5b0c255b', 'Wi-fi', 'Phạm Thị Tâm', 'phamtamhg01@gmail.com', '4edb35dc-793c-6dd4-cc54-0f2512404bdf', 'Nông Ngọc Diễm ', 'tampham2k1@gmail.com', '#5E5006', 'VIOLET'),
('a880dde2-ccb9-11ed-8def-f8b46ac25bb6', '202-A2', '74ceff62-7307-57fa-17cb-d470555a8656', 'Phòng 202-A2', 50, 1, '53adba37-0f74-4781-9eb0-aad684c2018d', '6827e1c0-5b98-6d19-831b-27d9d367aeb0', NULL, NULL, NULL, NULL, '6e0e23cc-5dbb-6fe0-8b0b-d111d7560dd1', 'Quạt trần', 'Phạm Thị Tâm', 'phamtamhg01@gmail.com', '4edb35dc-793c-6dd4-cc54-0f2512404bdf', 'Nông Ngọc Diễm ', 'tampham2k1@gmail.com', '#5E5006', 'VIOLET'),
('a880df57-ccb9-11ed-8def-f8b46ac25bb6', '203-A2', '74ceff62-7307-57fa-17cb-d470555a8656', 'Phòng 203-A2', 70, 1, '53adba37-0f74-4781-9eb0-aad684c2018d', '6827e1c0-5b98-6d19-831b-27d9d367aeb0', NULL, NULL, NULL, NULL, '6e0e23cc-5dbb-6fe0-8b0b-d111d7560dd1', 'Quạt trần', 'Phạm Thị Tâm', 'phamtamhg01@gmail.com', '4edb35dc-793c-6dd4-cc54-0f2512404bdf', 'Nông Ngọc Diễm ', 'tampham2k1@gmail.com', '#5E5006', 'VIOLET'),
('a880e107-ccb9-11ed-8def-f8b46ac25bb6', '204-A2', '74ceff62-7307-57fa-17cb-d470555a8656', 'Phòng 204-A2', 60, 1, '53adba37-0f74-4781-9eb0-aad684c2018d', '6827e1c0-5b98-6d19-831b-27d9d367aeb0', NULL, NULL, NULL, NULL, '6e0e23cc-5dbb-6fe0-8b0b-d111d7560dd1', 'Quạt trần', 'Phạm Thị Tâm', 'phamtamhg01@gmail.com', '4edb35dc-793c-6dd4-cc54-0f2512404bdf', 'Nông Ngọc Diễm ', 'tampham2k1@gmail.com', '#5E5006', 'VIOLET'),
('a880e235-ccb9-11ed-8def-f8b46ac25bb6', '205-A2', '74ceff62-7307-57fa-17cb-d470555a8656', 'Phòng 205-A2', 90, 1, '53adba37-0f74-4781-9eb0-aad684c2018d', '6827e1c0-5b98-6d19-831b-27d9d367aeb0', NULL, NULL, NULL, NULL, '6e0e23cc-5dbb-6fe0-8b0b-d111d7560dd1', 'Quạt trần', 'Phạm Thị Tâm', 'phamtamhg01@gmail.com', '4edb35dc-793c-6dd4-cc54-0f2512404bdf', 'Nông Ngọc Diễm ', 'tampham2k1@gmail.com', '#5E5006', 'VIOLET'),
('a880e65d-ccb9-11ed-8def-f8b46ac25bb6', '301-A2', '74ceff62-7307-57fa-17cb-d470555a8656', 'Phòng 301-A2', 30, 1, '53adba37-0f74-4781-9eb0-aad684c2018d', '6827e1c0-5b98-6d19-831b-27d9d367aeb0', NULL, NULL, NULL, NULL, '6e0e23cc-5dbb-6fe0-8b0b-d111d7560dd1', 'Quạt trần', 'Phạm Thị Tâm', 'phamtamhg01@gmail.com', '4edb35dc-793c-6dd4-cc54-0f2512404bdf', 'Nông Ngọc Diễm ', 'tampham2k1@gmail.com', '#5E5006', 'VIOLET'),
('a880e78d-ccb9-11ed-8def-f8b46ac25bb6', '302-A2', '74ceff62-7307-57fa-17cb-d470555a8656', 'Phòng 302-A2', 50, 1, '53adba37-0f74-4781-9eb0-aad684c2018d', '6827e1c0-5b98-6d19-831b-27d9d367aeb0', NULL, NULL, NULL, NULL, '6e0e23cc-5dbb-6fe0-8b0b-d111d7560dd1', 'Quạt trần', 'Phạm Thị Tâm', 'phamtamhg01@gmail.com', '4edb35dc-793c-6dd4-cc54-0f2512404bdf', 'Nông Ngọc Diễm ', 'tampham2k1@gmail.com', '#5E5006', 'VIOLET'),
('a880e8a4-ccb9-11ed-8def-f8b46ac25bb6', '303-A2', '74ceff62-7307-57fa-17cb-d470555a8656', 'Phòng 303-A2', 70, 1, '53adba37-0f74-4781-9eb0-aad684c2018d', '6827e1c0-5b98-6d19-831b-27d9d367aeb0', NULL, NULL, NULL, NULL, '6e0e23cc-5dbb-6fe0-8b0b-d111d7560dd1', 'Quạt trần', 'Phạm Thị Tâm', 'phamtamhg01@gmail.com', '4edb35dc-793c-6dd4-cc54-0f2512404bdf', 'Nông Ngọc Diễm ', 'tampham2k1@gmail.com', '#5E5006', 'VIOLET'),
('a880e9a6-ccb9-11ed-8def-f8b46ac25bb6', '304-A2', '74ceff62-7307-57fa-17cb-d470555a8656', 'Phòng 304-A2', 60, 1, '53adba37-0f74-4781-9eb0-aad684c2018d', '6827e1c0-5b98-6d19-831b-27d9d367aeb0', NULL, NULL, NULL, NULL, '6e0e23cc-5dbb-6fe0-8b0b-d111d7560dd1', 'Quạt trần', 'Phạm Thị Tâm', 'phamtamhg01@gmail.com', '4edb35dc-793c-6dd4-cc54-0f2512404bdf', 'Nông Ngọc Diễm ', 'tampham2k1@gmail.com', '#5E5006', 'VIOLET'),
('a880ea9e-ccb9-11ed-8def-f8b46ac25bb6', '305-A2', '74ceff62-7307-57fa-17cb-d470555a8656', 'Phòng 305-A2', 90, 1, '53adba37-0f74-4781-9eb0-aad684c2018d', '6827e1c0-5b98-6d19-831b-27d9d367aeb0', NULL, NULL, NULL, NULL, '6e0e23cc-5dbb-6fe0-8b0b-d111d7560dd1', 'Quạt trần', 'Phạm Thị Tâm', 'phamtamhg01@gmail.com', '4edb35dc-793c-6dd4-cc54-0f2512404bdf', 'Nông Ngọc Diễm ', 'tampham2k1@gmail.com', '#5E5006', 'VIOLET'),
('a880ebdc-ccb9-11ed-8def-f8b46ac25bb6', '401-A2', '74ceff62-7307-57fa-17cb-d470555a8656', 'Phòng 401-A2', 30, 1, '53adba37-0f74-4781-9eb0-aad684c2018d', '6827e1c0-5b98-6d19-831b-27d9d367aeb0', NULL, NULL, NULL, NULL, '6e0e23cc-5dbb-6fe0-8b0b-d111d7560dd1', 'Quạt trần', 'Phạm Thị Tâm', 'phamtamhg01@gmail.com', '4edb35dc-793c-6dd4-cc54-0f2512404bdf', 'Nông Ngọc Diễm ', 'tampham2k1@gmail.com', '#5E5006', 'VIOLET'),
('a880ecd0-ccb9-11ed-8def-f8b46ac25bb6', '402-A2', '74ceff62-7307-57fa-17cb-d470555a8656', 'Phòng 402-A2', 50, 1, '53adba37-0f74-4781-9eb0-aad684c2018d', '6827e1c0-5b98-6d19-831b-27d9d367aeb0', NULL, NULL, NULL, NULL, '6e0e23cc-5dbb-6fe0-8b0b-d111d7560dd1', 'Quạt trần', 'Phạm Thị Tâm', 'phamtamhg01@gmail.com', '4edb35dc-793c-6dd4-cc54-0f2512404bdf', 'Nông Ngọc Diễm ', 'tampham2k1@gmail.com', '#5E5006', 'VIOLET'),
('a880edfb-ccb9-11ed-8def-f8b46ac25bb6', '403-A2', '74ceff62-7307-57fa-17cb-d470555a8656', 'Phòng 403-A2', 70, 1, '53adba37-0f74-4781-9eb0-aad684c2018d', '6827e1c0-5b98-6d19-831b-27d9d367aeb0', NULL, NULL, NULL, NULL, '6e0e23cc-5dbb-6fe0-8b0b-d111d7560dd1', 'Quạt trần', 'Phạm Thị Tâm', 'phamtamhg01@gmail.com', '4edb35dc-793c-6dd4-cc54-0f2512404bdf', 'Nông Ngọc Diễm ', 'tampham2k1@gmail.com', '#5E5006', 'VIOLET'),
('a880ef2e-ccb9-11ed-8def-f8b46ac25bb6', '404-A2', '74ceff62-7307-57fa-17cb-d470555a8656', 'Phòng 404-A2', 60, 1, '53adba37-0f74-4781-9eb0-aad684c2018d', '6827e1c0-5b98-6d19-831b-27d9d367aeb0', NULL, NULL, NULL, NULL, '6e0e23cc-5dbb-6fe0-8b0b-d111d7560dd1', 'Quạt trần', 'Phạm Thị Tâm', 'phamtamhg01@gmail.com', '4edb35dc-793c-6dd4-cc54-0f2512404bdf', 'Nông Ngọc Diễm ', 'tampham2k1@gmail.com', '#5E5006', 'VIOLET'),
('a880f061-ccb9-11ed-8def-f8b46ac25bb6', '405-A2', '74ceff62-7307-57fa-17cb-d470555a8656', 'Phòng 405-A2', 90, 1, '53adba37-0f74-4781-9eb0-aad684c2018d', '6827e1c0-5b98-6d19-831b-27d9d367aeb0', NULL, NULL, NULL, NULL, '6e0e23cc-5dbb-6fe0-8b0b-d111d7560dd1', 'Quạt trần', 'Phạm Thị Tâm', 'phamtamhg01@gmail.com', '4edb35dc-793c-6dd4-cc54-0f2512404bdf', 'Nông Ngọc Diễm ', 'tampham2k1@gmail.com', '#5E5006', 'VIOLET'),
('a880f1a5-ccb9-11ed-8def-f8b46ac25bb6', '501-A2', '74ceff62-7307-57fa-17cb-d470555a8656', 'Phòng 501-A2', 30, 1, '53adba37-0f74-4781-9eb0-aad684c2018d', '6827e1c0-5b98-6d19-831b-27d9d367aeb0', NULL, NULL, NULL, NULL, '6e0e23cc-5dbb-6fe0-8b0b-d111d7560dd1', 'Quạt trần', 'Phạm Thị Tâm', 'phamtamhg01@gmail.com', '4edb35dc-793c-6dd4-cc54-0f2512404bdf', 'Nông Ngọc Diễm ', 'tampham2k1@gmail.com', '#5E5006', 'VIOLET'),
('a880f2cc-ccb9-11ed-8def-f8b46ac25bb6', '502-A2', '74ceff62-7307-57fa-17cb-d470555a8656', 'Phòng 502-A2', 50, 1, '53adba37-0f74-4781-9eb0-aad684c2018d', '6827e1c0-5b98-6d19-831b-27d9d367aeb0', NULL, NULL, NULL, NULL, '6e0e23cc-5dbb-6fe0-8b0b-d111d7560dd1', 'Quạt trần', 'Phạm Thị Tâm', 'phamtamhg01@gmail.com', '4edb35dc-793c-6dd4-cc54-0f2512404bdf', 'Nông Ngọc Diễm ', 'tampham2k1@gmail.com', '#5E5006', 'VIOLET'),
('a880f3f7-ccb9-11ed-8def-f8b46ac25bb6', '503-A2', '74ceff62-7307-57fa-17cb-d470555a8656', 'Phòng 503-A2', 70, 1, '53adba37-0f74-4781-9eb0-aad684c2018d', '6827e1c0-5b98-6d19-831b-27d9d367aeb0', NULL, NULL, NULL, NULL, '6e0e23cc-5dbb-6fe0-8b0b-d111d7560dd1', 'Quạt trần', 'Phạm Thị Tâm', 'phamtamhg01@gmail.com', '4edb35dc-793c-6dd4-cc54-0f2512404bdf', 'Nông Ngọc Diễm ', 'tampham2k1@gmail.com', '#5E5006', 'VIOLET'),
('a880f52a-ccb9-11ed-8def-f8b46ac25bb6', '504-A2', '74ceff62-7307-57fa-17cb-d470555a8656', 'Phòng 504-A2', 60, 1, '53adba37-0f74-4781-9eb0-aad684c2018d', '6827e1c0-5b98-6d19-831b-27d9d367aeb0', NULL, NULL, NULL, NULL, '6e0e23cc-5dbb-6fe0-8b0b-d111d7560dd1', 'Quạt trần', 'Phạm Thị Tâm', 'phamtamhg01@gmail.com', '4edb35dc-793c-6dd4-cc54-0f2512404bdf', 'Nông Ngọc Diễm ', 'tampham2k1@gmail.com', '#5E5006', 'VIOLET'),
('a880f662-ccb9-11ed-8def-f8b46ac25bb6', '505-A2', '74ceff62-7307-57fa-17cb-d470555a8656', 'Phòng 505-A2', 90, 1, '53adba37-0f74-4781-9eb0-aad684c2018d', '6827e1c0-5b98-6d19-831b-27d9d367aeb0', NULL, NULL, NULL, NULL, '6e0e23cc-5dbb-6fe0-8b0b-d111d7560dd1', 'Quạt trần', 'Phạm Thị Tâm', 'phamtamhg01@gmail.com', '4edb35dc-793c-6dd4-cc54-0f2512404bdf', 'Nông Ngọc Diễm ', 'tampham2k1@gmail.com', '#5E5006', 'VIOLET'),
('b7c7bf6f-ccb9-11ed-8def-f8b46ac25bb6', '101-A3', '74ceff62-7307-57fa-17cb-d470555a8656', 'Phòng 101-A3', 30, 1, '7d8de15e-18ba-467b-9cac-edf92a1353ac', '4958949d-17c9-454d-841b-27d9d367aeb0', '2023-10-15 11:04:14', 'bqdiep@gmail.com', '2023-10-15 11:04:14', 'bqdiep@gmail.com', '6e0e23cc-5dbb-6fe0-8b0b-d111d7560dd1,1c1fcd85-59ec-7f23-924a-775f5b0c255b', 'Quạt trần + Wi-fi ', 'Bùi Quang Điệp', 'buiquangdiep@gmail.com', '6252d866-1eaf-63c0-38bf-2d1df1341b8b', 'Nguyễn Tuấn Thanh ', 'suporterA3@gmail.com', '#0978AA', 'Purple'),
('b7c7e08e-ccb9-11ed-8def-f8b46ac25bb6', '102-A3', '74ceff62-7307-57fa-17cb-d470555a8656', 'Phòng 102-A3', 50, 1, '53adba37-0f74-4781-9eb0-aad684c2018d', '4958949d-17c9-454d-841b-27d9d367aeb0', '2023-05-21 15:59:43', 'pttam@gmail.com', '2023-05-21 15:59:43', 'pttam@gmail.com', '676c50b7-4130-6122-b044-6bc098520b79,6fd9cee5-30b5-5670-79ff-f8ad76748b41,6e0e23cc-5dbb-6fe0-8b0b-d111d7560dd1,1c1fcd85-59ec-7f23-924a-775f5b0c255b', 'Máy chiếu + Micro + Quạt trần + Wi-fi ', 'Phạm Thị Tâm', 'phamtamhg01@gmail.com', '6252d866-1eaf-63c0-38bf-2d1df1341b8b', 'Nguyễn Tuấn Thanh ', 'suporterA3@gmail.com', '#5E5006', 'Purple'),
('b7c7e1d1-ccb9-11ed-8def-f8b46ac25bb6', '103-A3', '74ceff62-7307-57fa-17cb-d470555a8656', 'Phòng 103-A3', 70, 1, '7d8de15e-18ba-467b-9cac-edf92a1353ac', '4958949d-17c9-454d-841b-27d9d367aeb0', '2023-05-21 16:01:01', 'pttam@gmail.com', '2023-05-21 16:01:01', 'pttam@gmail.com', '6fd9cee5-30b5-5670-79ff-f8ad76748b41,6e0e23cc-5dbb-6fe0-8b0b-d111d7560dd1', 'Micro + Quạt trần ', 'Bùi Quang Điệp', 'buiquangdiep@gmail.com', '6252d866-1eaf-63c0-38bf-2d1df1341b8b', 'Nguyễn Tuấn Thanh ', 'suporterA3@gmail.com', '#0978AA', 'Purple'),
('b7c7e2b2-ccb9-11ed-8def-f8b46ac25bb6', '104-A3', '74ceff62-7307-57fa-17cb-d470555a8656', 'Phòng 104-A3', 60, 1, '7d8de15e-18ba-467b-9cac-edf92a1353ac', '4958949d-17c9-454d-841b-27d9d367aeb0', '2023-05-21 16:01:42', 'pttam@gmail.com', '2023-05-21 16:01:42', 'pttam@gmail.com', '676c50b7-4130-6122-b044-6bc098520b79,6e0e23cc-5dbb-6fe0-8b0b-d111d7560dd1', 'Máy chiếu + Quạt trần ', 'Bùi Quang Điệp', 'buiquangdiep@gmail.com', '6252d866-1eaf-63c0-38bf-2d1df1341b8b', 'Nguyễn Tuấn Thanh ', 'suporterA3@gmail.com', '#0978AA', 'Purple'),
('b7c7e397-ccb9-11ed-8def-f8b46ac25bb6', '105-A3', '74ceff62-7307-57fa-17cb-d470555a8656', 'Phòng 105-A3', 90, 1, '53adba37-0f74-4781-9eb0-aad684c2018d', '4958949d-17c9-454d-841b-27d9d367aeb0', '2023-05-21 16:02:21', 'pttam@gmail.com', '2023-05-21 16:02:21', 'pttam@gmail.com', '6fd9cee5-30b5-5670-79ff-f8ad76748b41,6e0e23cc-5dbb-6fe0-8b0b-d111d7560dd1,1c1fcd85-59ec-7f23-924a-775f5b0c255b', 'Micro + Quạt trần + Wi-fi ', 'Phạm Thị Tâm', 'phamtamhg01@gmail.com', '6252d866-1eaf-63c0-38bf-2d1df1341b8b', 'Nguyễn Tuấn Thanh ', 'suporterA3@gmail.com', '#5E5006', 'Purple'),
('b7c7e494-ccb9-11ed-8def-f8b46ac25bb6', '201-A3', '74ceff62-7307-57fa-17cb-d470555a8656', 'Phòng 201-A3', 30, 1, '7d8de15e-18ba-467b-9cac-edf92a1353ac', '4958949d-17c9-454d-841b-27d9d367aeb0', NULL, NULL, NULL, NULL, '6e0e23cc-5dbb-6fe0-8b0b-d111d7560dd1', 'Quạt trần', 'Bùi Quang Điệp', 'buiquangdiep@gmail.com', '6252d866-1eaf-63c0-38bf-2d1df1341b8b', 'Nguyễn Tuấn Thanh ', 'suporterA3@gmail.com', '#0978AA', 'Purple'),
('b7c7e557-ccb9-11ed-8def-f8b46ac25bb6', '202-A3', '74ceff62-7307-57fa-17cb-d470555a8656', 'Phòng 202-A3', 50, 1, '7d8de15e-18ba-467b-9cac-edf92a1353ac', '4958949d-17c9-454d-841b-27d9d367aeb0', NULL, NULL, NULL, NULL, '6e0e23cc-5dbb-6fe0-8b0b-d111d7560dd1', 'Quạt trần', 'Bùi Quang Điệp', 'buiquangdiep@gmail.com', '6252d866-1eaf-63c0-38bf-2d1df1341b8b', 'Nguyễn Tuấn Thanh ', 'suporterA3@gmail.com', '#0978AA', 'Purple'),
('b7c7e63f-ccb9-11ed-8def-f8b46ac25bb6', '203-A3', '74ceff62-7307-57fa-17cb-d470555a8656', 'Phòng 203-A3', 70, 1, '7d8de15e-18ba-467b-9cac-edf92a1353ac', '4958949d-17c9-454d-841b-27d9d367aeb0', NULL, NULL, NULL, NULL, '6e0e23cc-5dbb-6fe0-8b0b-d111d7560dd1', 'Quạt trần', 'Bùi Quang Điệp', 'buiquangdiep@gmail.com', '6252d866-1eaf-63c0-38bf-2d1df1341b8b', 'Nguyễn Tuấn Thanh ', 'suporterA3@gmail.com', '#0978AA', 'Purple'),
('b7c7e706-ccb9-11ed-8def-f8b46ac25bb6', '204-A3', '74ceff62-7307-57fa-17cb-d470555a8656', 'Phòng 204-A3', 60, 1, '7d8de15e-18ba-467b-9cac-edf92a1353ac', '4958949d-17c9-454d-841b-27d9d367aeb0', '2023-05-21 16:03:34', 'pttam@gmail.com', '2023-05-21 16:03:34', 'pttam@gmail.com', '6e0e23cc-5dbb-6fe0-8b0b-d111d7560dd1,1c1fcd85-59ec-7f23-924a-775f5b0c255b', 'Quạt trần + Wi-fi ', 'Bùi Quang Điệp', 'buiquangdiep@gmail.com', '6252d866-1eaf-63c0-38bf-2d1df1341b8b', 'Nguyễn Tuấn Thanh ', 'suporterA3@gmail.com', '#0978AA', 'Purple'),
('b7c7e7c4-ccb9-11ed-8def-f8b46ac25bb6', '205-A3', '74ceff62-7307-57fa-17cb-d470555a8656', 'Phòng 205-A3', 90, 1, '7d8de15e-18ba-467b-9cac-edf92a1353ac', '4958949d-17c9-454d-841b-27d9d367aeb0', NULL, NULL, NULL, NULL, '6e0e23cc-5dbb-6fe0-8b0b-d111d7560dd1', 'Quạt trần', 'Bùi Quang Điệp', 'buiquangdiep@gmail.com', '6252d866-1eaf-63c0-38bf-2d1df1341b8b', 'Nguyễn Tuấn Thanh ', 'suporterA3@gmail.com', '#0978AA', 'Purple'),
('b7c7e8b0-ccb9-11ed-8def-f8b46ac25bb6', '301-A3', '74ceff62-7307-57fa-17cb-d470555a8656', 'Phòng 301-A3', 30, 1, '7d8de15e-18ba-467b-9cac-edf92a1353ac', '4958949d-17c9-454d-841b-27d9d367aeb0', NULL, NULL, NULL, NULL, '1c1fcd85-59ec-7f23-924a-775f5b0c255b', 'Wi-fi', 'Bùi Quang Điệp', 'buiquangdiep@gmail.com', '6252d866-1eaf-63c0-38bf-2d1df1341b8b', 'Nguyễn Tuấn Thanh ', 'suporterA3@gmail.com', '#0978AA', 'Purple'),
('b7c7eae4-ccb9-11ed-8def-f8b46ac25bb6', '302-A3', '74ceff62-7307-57fa-17cb-d470555a8656', 'Phòng 302-A3', 50, 1, '7d8de15e-18ba-467b-9cac-edf92a1353ac', '4958949d-17c9-454d-841b-27d9d367aeb0', NULL, NULL, NULL, NULL, '6fd9cee5-30b5-5670-79ff-f8ad76748b41', 'Máy tính', 'Bùi Quang Điệp', 'buiquangdiep@gmail.com', '6252d866-1eaf-63c0-38bf-2d1df1341b8b', 'Nguyễn Tuấn Thanh ', 'suporterA3@gmail.com', '#0978AA', 'Purple'),
('b7c7ebc8-ccb9-11ed-8def-f8b46ac25bb6', '303-A3', '74ceff62-7307-57fa-17cb-d470555a8656', 'Phòng 303-A3', 70, 1, '7d8de15e-18ba-467b-9cac-edf92a1353ac', '4958949d-17c9-454d-841b-27d9d367aeb0', NULL, NULL, NULL, NULL, '6fd9cee5-30b5-5670-79ff-f8ad76748b41', 'Máy tính', 'Bùi Quang Điệp', 'buiquangdiep@gmail.com', '6252d866-1eaf-63c0-38bf-2d1df1341b8b', 'Nguyễn Tuấn Thanh ', 'suporterA3@gmail.com', '#0978AA', 'Purple'),
('b7c7ecc1-ccb9-11ed-8def-f8b46ac25bb6', '304-A3', '74ceff62-7307-57fa-17cb-d470555a8656', 'Phòng 304-A3', 60, 1, '7d8de15e-18ba-467b-9cac-edf92a1353ac', '4958949d-17c9-454d-841b-27d9d367aeb0', '2023-05-21 16:04:05', 'pttam@gmail.com', '2023-05-21 16:04:05', 'pttam@gmail.com', '6fd9cee5-30b5-5670-79ff-f8ad76748b41,1c1fcd85-59ec-7f23-924a-775f5b0c255b', 'Micro + Wi-fi ', 'Bùi Quang Điệp', 'buiquangdiep@gmail.com', '6252d866-1eaf-63c0-38bf-2d1df1341b8b', 'Nguyễn Tuấn Thanh ', 'suporterA3@gmail.com', '#0978AA', 'Purple'),
('b7c7ed8e-ccb9-11ed-8def-f8b46ac25bb6', '305-A3', '74ceff62-7307-57fa-17cb-d470555a8656', 'Phòng 305-A3', 90, 1, '7d8de15e-18ba-467b-9cac-edf92a1353ac', '4958949d-17c9-454d-841b-27d9d367aeb0', NULL, NULL, NULL, NULL, '6fd9cee5-30b5-5670-79ff-f8ad76748b41', 'Máy tính', 'Bùi Quang Điệp', 'buiquangdiep@gmail.com', '6252d866-1eaf-63c0-38bf-2d1df1341b8b', 'Nguyễn Tuấn Thanh ', 'suporterA3@gmail.com', '#0978AA', 'Purple'),
('b7c7ef0c-ccb9-11ed-8def-f8b46ac25bb6', '401-A3', '74ceff62-7307-57fa-17cb-d470555a8656', 'Phòng 401-A3', 30, 1, '7d8de15e-18ba-467b-9cac-edf92a1353ac', '4958949d-17c9-454d-841b-27d9d367aeb0', NULL, NULL, NULL, NULL, '6fd9cee5-30b5-5670-79ff-f8ad76748b41', 'Máy tính', 'Bùi Quang Điệp', 'buiquangdiep@gmail.com', '6252d866-1eaf-63c0-38bf-2d1df1341b8b', 'Nguyễn Tuấn Thanh ', 'suporterA3@gmail.com', '#0978AA', 'Purple'),
('b7c7f0ef-ccb9-11ed-8def-f8b46ac25bb6', '402-A3', '74ceff62-7307-57fa-17cb-d470555a8656', 'Phòng 402-A3', 50, 1, '7d8de15e-18ba-467b-9cac-edf92a1353ac', '4958949d-17c9-454d-841b-27d9d367aeb0', NULL, NULL, NULL, NULL, '6fd9cee5-30b5-5670-79ff-f8ad76748b41', 'Máy tính', 'Bùi Quang Điệp', 'buiquangdiep@gmail.com', '6252d866-1eaf-63c0-38bf-2d1df1341b8b', 'Nguyễn Tuấn Thanh ', 'suporterA3@gmail.com', '#0978AA', 'Purple'),
('b7c7f1c9-ccb9-11ed-8def-f8b46ac25bb6', '403-A3', '74ceff62-7307-57fa-17cb-d470555a8656', 'Phòng 403-A3', 70, 1, '7d8de15e-18ba-467b-9cac-edf92a1353ac', '4958949d-17c9-454d-841b-27d9d367aeb0', NULL, NULL, NULL, NULL, '6fd9cee5-30b5-5670-79ff-f8ad76748b41', 'Máy tính', 'Bùi Quang Điệp', 'buiquangdiep@gmail.com', '6252d866-1eaf-63c0-38bf-2d1df1341b8b', 'Nguyễn Tuấn Thanh ', 'suporterA3@gmail.com', '#0978AA', 'Purple'),
('b7c7f937-ccb9-11ed-8def-f8b46ac25bb6', '404-A3', '74ceff62-7307-57fa-17cb-d470555a8656', 'Phòng 404-A3', 60, 1, '7d8de15e-18ba-467b-9cac-edf92a1353ac', '4958949d-17c9-454d-841b-27d9d367aeb0', NULL, NULL, NULL, NULL, '6fd9cee5-30b5-5670-79ff-f8ad76748b41', 'Máy tính', 'Bùi Quang Điệp', 'buiquangdiep@gmail.com', '6252d866-1eaf-63c0-38bf-2d1df1341b8b', 'Nguyễn Tuấn Thanh ', 'suporterA3@gmail.com', '#0978AA', 'Purple'),
('b7c7fa1a-ccb9-11ed-8def-f8b46ac25bb6', '405-A3', '74ceff62-7307-57fa-17cb-d470555a8656', 'Phòng 405-A3', 90, 1, '7d8de15e-18ba-467b-9cac-edf92a1353ac', '4958949d-17c9-454d-841b-27d9d367aeb0', NULL, NULL, NULL, NULL, '6fd9cee5-30b5-5670-79ff-f8ad76748b41', 'Máy tính', 'Bùi Quang Điệp', 'buiquangdiep@gmail.com', '6252d866-1eaf-63c0-38bf-2d1df1341b8b', 'Nguyễn Tuấn Thanh ', 'suporterA3@gmail.com', '#0978AA', 'Purple'),
('b7c80077-ccb9-11ed-8def-f8b46ac25bb6', '501-A3', '74ceff62-7307-57fa-17cb-d470555a8656', 'Phòng 501-A3', 30, 1, '7d8de15e-18ba-467b-9cac-edf92a1353ac', '4958949d-17c9-454d-841b-27d9d367aeb0', NULL, NULL, NULL, NULL, '6fd9cee5-30b5-5670-79ff-f8ad76748b41', 'Máy tính', 'Bùi Quang Điệp', 'buiquangdiep@gmail.com', '6252d866-1eaf-63c0-38bf-2d1df1341b8b', 'Nguyễn Tuấn Thanh ', 'suporterA3@gmail.com', '#0978AA', 'Purple'),
('b7c80196-ccb9-11ed-8def-f8b46ac25bb6', '502-A3', '74ceff62-7307-57fa-17cb-d470555a8656', 'Phòng 502-A3', 50, 1, '7d8de15e-18ba-467b-9cac-edf92a1353ac', '4958949d-17c9-454d-841b-27d9d367aeb0', NULL, NULL, NULL, NULL, '6fd9cee5-30b5-5670-79ff-f8ad76748b41', 'Máy tính', 'Bùi Quang Điệp', 'buiquangdiep@gmail.com', '6252d866-1eaf-63c0-38bf-2d1df1341b8b', 'Nguyễn Tuấn Thanh ', 'suporterA3@gmail.com', '#0978AA', 'Purple'),
('b7c802a6-ccb9-11ed-8def-f8b46ac25bb6', '503-A3', '74ceff62-7307-57fa-17cb-d470555a8656', 'Phòng 503-A3', 70, 1, '7d8de15e-18ba-467b-9cac-edf92a1353ac', '4958949d-17c9-454d-841b-27d9d367aeb0', NULL, NULL, NULL, NULL, '6fd9cee5-30b5-5670-79ff-f8ad76748b41', 'Máy tính', 'Bùi Quang Điệp', 'buiquangdiep@gmail.com', '6252d866-1eaf-63c0-38bf-2d1df1341b8b', 'Nguyễn Tuấn Thanh ', 'suporterA3@gmail.com', '#0978AA', 'Purple'),
('b7c803b3-ccb9-11ed-8def-f8b46ac25bb6', '504-A3', '74ceff62-7307-57fa-17cb-d470555a8656', 'Phòng 504-A3', 60, 1, '7d8de15e-18ba-467b-9cac-edf92a1353ac', '4958949d-17c9-454d-841b-27d9d367aeb0', NULL, NULL, NULL, NULL, '6fd9cee5-30b5-5670-79ff-f8ad76748b41', 'Máy tính', 'Bùi Quang Điệp', 'buiquangdiep@gmail.com', '6252d866-1eaf-63c0-38bf-2d1df1341b8b', 'Nguyễn Tuấn Thanh ', 'suporterA3@gmail.com', '#0978AA', 'Purple'),
('b7c804a2-ccb9-11ed-8def-f8b46ac25bb6', '505-A3', '74ceff62-7307-57fa-17cb-d470555a8656', 'Phòng 505-A3', 90, 1, '7d8de15e-18ba-467b-9cac-edf92a1353ac', '4958949d-17c9-454d-841b-27d9d367aeb0', NULL, NULL, NULL, NULL, '6fd9cee5-30b5-5670-79ff-f8ad76748b41', 'Máy tính', 'Bùi Quang Điệp', 'buiquangdiep@gmail.com', '6252d866-1eaf-63c0-38bf-2d1df1341b8b', 'Nguyễn Tuấn Thanh ', 'suporterA3@gmail.com', '#0978AA', 'Purple'),
('c5d6d116-ccb9-11ed-8def-f8b46ac25bb6', '101-A5', '74ceff62-7307-57fa-17cb-d470555a8656', 'Phòng 101-A5', 30, 1, '7d8de15e-18ba-467b-9cac-edf92a1353ac', '3650c04e-62b1-6908-5598-ae38c5379e4b', '2023-10-15 11:04:24', 'bqdiep@gmail.com', '2023-10-15 11:04:24', 'bqdiep@gmail.com', '6fd9cee5-30b5-5670-79ff-f8ad76748b41,3f7bb059-6c87-1b53-7f6a-e0860b0602ba', 'Micro + Điều hòa ', 'Bùi Quang Điệp', 'buiquangdiep@gmail.com', '732652cf-2f61-15d9-2c89-b7f541585633', 'Nguyễn Văn Hương ', 'suporterA5@gmail.com', '#0978AA', 'Red'),
('c5d6d9e2-ccb9-11ed-8def-f8b46ac25bb6', '102-A5', '74ceff62-7307-57fa-17cb-d470555a8656', 'Phòng 102-A5', 50, 1, '00000000-0000-0000-0000-000000000000', '3650c04e-62b1-6908-5598-ae38c5379e4b', '2023-10-14 11:26:50', 'bqdiep@gmail.com', '2023-10-14 11:26:50', 'bqdiep@gmail.com', '676c50b7-4130-6122-b044-6bc098520b79,6fd9cee5-30b5-5670-79ff-f8ad76748b41', 'Máy chiếu + Micro ', 'Admin', 'Admin@gmail.com', '732652cf-2f61-15d9-2c89-b7f541585633', 'Nguyễn Văn Hương ', 'suporterA5@gmail.com', 'VIOLET', 'Red'),
('c5d6db62-ccb9-11ed-8def-f8b46ac25bb6', '103-A5', '74ceff62-7307-57fa-17cb-d470555a8656', 'Phòng 103-A5', 70, 1, '7d8de15e-18ba-467b-9cac-edf92a1353ac', '3650c04e-62b1-6908-5598-ae38c5379e4b', '2023-05-21 16:01:10', 'pttam@gmail.com', '2023-05-21 16:01:10', 'pttam@gmail.com', '676c50b7-4130-6122-b044-6bc098520b79,6fd9cee5-30b5-5670-79ff-f8ad76748b41,1c1fcd85-59ec-7f23-924a-775f5b0c255b', 'Máy chiếu + Micro + Wi-fi ', 'Bùi Quang Điệp', 'buiquangdiep@gmail.com', '732652cf-2f61-15d9-2c89-b7f541585633', 'Nguyễn Văn Hương ', 'suporterA5@gmail.com', '#0978AA', 'Red'),
('c5d6dc60-ccb9-11ed-8def-f8b46ac25bb6', '104-A5', '74ceff62-7307-57fa-17cb-d470555a8656', 'Phòng 104-A5', 60, 1, '7d8de15e-18ba-467b-9cac-edf92a1353ac', '3650c04e-62b1-6908-5598-ae38c5379e4b', '2023-05-21 16:01:55', 'pttam@gmail.com', '2023-05-21 16:01:55', 'pttam@gmail.com', '676c50b7-4130-6122-b044-6bc098520b79,6fd9cee5-30b5-5670-79ff-f8ad76748b41', 'Máy chiếu + Micro ', 'Bùi Quang Điệp', 'buiquangdiep@gmail.com', '732652cf-2f61-15d9-2c89-b7f541585633', 'Nguyễn Văn Hương ', 'suporterA5@gmail.com', '#0978AA', 'Red'),
('c5d6dd79-ccb9-11ed-8def-f8b46ac25bb6', '105-A5', '74ceff62-7307-57fa-17cb-d470555a8656', 'Phòng 105-A5', 90, 1, '7d8de15e-18ba-467b-9cac-edf92a1353ac', '3650c04e-62b1-6908-5598-ae38c5379e4b', '2023-05-21 16:02:35', 'pttam@gmail.com', '2023-05-21 16:02:35', 'pttam@gmail.com', '6fd9cee5-30b5-5670-79ff-f8ad76748b41,6e0e23cc-5dbb-6fe0-8b0b-d111d7560dd1', 'Micro + Quạt trần ', 'Bùi Quang Điệp', 'buiquangdiep@gmail.com', '732652cf-2f61-15d9-2c89-b7f541585633', 'Nguyễn Văn Hương ', 'suporterA5@gmail.com', '#0978AA', 'Red'),
('c5d6e15f-ccb9-11ed-8def-f8b46ac25bb6', '201-A5', '74ceff62-7307-57fa-17cb-d470555a8656', 'Phòng 201-A5', 30, 1, '7d8de15e-18ba-467b-9cac-edf92a1353ac', '3650c04e-62b1-6908-5598-ae38c5379e4b', NULL, NULL, NULL, NULL, '6fd9cee5-30b5-5670-79ff-f8ad76748b41', 'Máy tính', 'Bùi Quang Điệp', 'buiquangdiep@gmail.com', '732652cf-2f61-15d9-2c89-b7f541585633', 'Nguyễn Văn Hương ', 'suporterA5@gmail.com', '#0978AA', 'Red'),
('c5d6e262-ccb9-11ed-8def-f8b46ac25bb6', '202-A5', '74ceff62-7307-57fa-17cb-d470555a8656', 'Phòng 202-A5', 50, 1, '7d8de15e-18ba-467b-9cac-edf92a1353ac', '3650c04e-62b1-6908-5598-ae38c5379e4b', NULL, NULL, NULL, NULL, '6fd9cee5-30b5-5670-79ff-f8ad76748b41', 'Máy tính', 'Bùi Quang Điệp', 'buiquangdiep@gmail.com', '732652cf-2f61-15d9-2c89-b7f541585633', 'Nguyễn Văn Hương ', 'suporterA5@gmail.com', '#0978AA', 'Red'),
('c5d6e3bc-ccb9-11ed-8def-f8b46ac25bb6', '203-A5', '74ceff62-7307-57fa-17cb-d470555a8656', 'Phòng 203-A5', 70, 1, '7d8de15e-18ba-467b-9cac-edf92a1353ac', '3650c04e-62b1-6908-5598-ae38c5379e4b', NULL, NULL, NULL, NULL, '6fd9cee5-30b5-5670-79ff-f8ad76748b41', 'Máy tính', 'Bùi Quang Điệp', 'buiquangdiep@gmail.com', '732652cf-2f61-15d9-2c89-b7f541585633', 'Nguyễn Văn Hương ', 'suporterA5@gmail.com', '#0978AA', 'Red'),
('c5d6e82c-ccb9-11ed-8def-f8b46ac25bb6', '204-A5', '74ceff62-7307-57fa-17cb-d470555a8656', 'Phòng 204-A5', 60, 1, '7d8de15e-18ba-467b-9cac-edf92a1353ac', '3650c04e-62b1-6908-5598-ae38c5379e4b', '2023-05-21 16:03:45', 'pttam@gmail.com', '2023-05-21 16:03:45', 'pttam@gmail.com', '6fd9cee5-30b5-5670-79ff-f8ad76748b41,1c1fcd85-59ec-7f23-924a-775f5b0c255b', 'Micro + Wi-fi ', 'Bùi Quang Điệp', 'buiquangdiep@gmail.com', '732652cf-2f61-15d9-2c89-b7f541585633', 'Nguyễn Văn Hương ', 'suporterA5@gmail.com', '#0978AA', 'Red'),
('c5d6e92f-ccb9-11ed-8def-f8b46ac25bb6', '205-A5', '74ceff62-7307-57fa-17cb-d470555a8656', 'Phòng 205-A5', 90, 1, '7d8de15e-18ba-467b-9cac-edf92a1353ac', '3650c04e-62b1-6908-5598-ae38c5379e4b', NULL, NULL, NULL, NULL, '6fd9cee5-30b5-5670-79ff-f8ad76748b41', 'Máy tính', 'Bùi Quang Điệp', 'buiquangdiep@gmail.com', '732652cf-2f61-15d9-2c89-b7f541585633', 'Nguyễn Văn Hương ', 'suporterA5@gmail.com', '#0978AA', 'Red'),
('c5d6ea3e-ccb9-11ed-8def-f8b46ac25bb6', '301-A5', '74ceff62-7307-57fa-17cb-d470555a8656', 'Phòng 301-A5', 30, 1, '7d8de15e-18ba-467b-9cac-edf92a1353ac', '3650c04e-62b1-6908-5598-ae38c5379e4b', NULL, NULL, NULL, NULL, '6fd9cee5-30b5-5670-79ff-f8ad76748b41', 'Máy tính', 'Bùi Quang Điệp', 'buiquangdiep@gmail.com', '732652cf-2f61-15d9-2c89-b7f541585633', 'Nguyễn Văn Hương ', 'suporterA5@gmail.com', '#0978AA', 'Red'),
('c5d6eb2a-ccb9-11ed-8def-f8b46ac25bb6', '302-A5', '74ceff62-7307-57fa-17cb-d470555a8656', 'Phòng 302-A5', 50, 1, '7d8de15e-18ba-467b-9cac-edf92a1353ac', '3650c04e-62b1-6908-5598-ae38c5379e4b', NULL, NULL, NULL, NULL, '6fd9cee5-30b5-5670-79ff-f8ad76748b41', 'Máy tính', 'Bùi Quang Điệp', 'buiquangdiep@gmail.com', '732652cf-2f61-15d9-2c89-b7f541585633', 'Nguyễn Văn Hương ', 'suporterA5@gmail.com', '#0978AA', 'Red'),
('c5d6ec34-ccb9-11ed-8def-f8b46ac25bb6', '303-A5', '74ceff62-7307-57fa-17cb-d470555a8656', 'Phòng 303-A5', 70, 1, '7d8de15e-18ba-467b-9cac-edf92a1353ac', '3650c04e-62b1-6908-5598-ae38c5379e4b', NULL, NULL, NULL, NULL, '6fd9cee5-30b5-5670-79ff-f8ad76748b41', 'Máy tính', 'Bùi Quang Điệp', 'buiquangdiep@gmail.com', '732652cf-2f61-15d9-2c89-b7f541585633', 'Nguyễn Văn Hương ', 'suporterA5@gmail.com', '#0978AA', 'Red'),
('c5d6ed36-ccb9-11ed-8def-f8b46ac25bb6', '304-A5', '74ceff62-7307-57fa-17cb-d470555a8656', 'Phòng 304-A5', 60, 1, '7d8de15e-18ba-467b-9cac-edf92a1353ac', '3650c04e-62b1-6908-5598-ae38c5379e4b', NULL, NULL, NULL, NULL, '6fd9cee5-30b5-5670-79ff-f8ad76748b41', 'Máy tính', 'Bùi Quang Điệp', 'buiquangdiep@gmail.com', '732652cf-2f61-15d9-2c89-b7f541585633', 'Nguyễn Văn Hương ', 'suporterA5@gmail.com', '#0978AA', 'Red'),
('c5d6ee30-ccb9-11ed-8def-f8b46ac25bb6', '305-A5', '74ceff62-7307-57fa-17cb-d470555a8656', 'Phòng 305-A5', 90, 1, '7d8de15e-18ba-467b-9cac-edf92a1353ac', '3650c04e-62b1-6908-5598-ae38c5379e4b', NULL, NULL, NULL, NULL, '6fd9cee5-30b5-5670-79ff-f8ad76748b41', 'Máy tính', 'Bùi Quang Điệp', 'buiquangdiep@gmail.com', '732652cf-2f61-15d9-2c89-b7f541585633', 'Nguyễn Văn Hương ', 'suporterA5@gmail.com', '#0978AA', 'Red'),
('c5d6ef27-ccb9-11ed-8def-f8b46ac25bb6', '401-A5', '74ceff62-7307-57fa-17cb-d470555a8656', 'Phòng 401-A5', 30, 1, '7d8de15e-18ba-467b-9cac-edf92a1353ac', '3650c04e-62b1-6908-5598-ae38c5379e4b', NULL, NULL, NULL, NULL, '6fd9cee5-30b5-5670-79ff-f8ad76748b41', 'Máy tính', 'Bùi Quang Điệp', 'buiquangdiep@gmail.com', '732652cf-2f61-15d9-2c89-b7f541585633', 'Nguyễn Văn Hương ', 'suporterA5@gmail.com', '#0978AA', 'Red'),
('c5d6f018-ccb9-11ed-8def-f8b46ac25bb6', '402-A5', '74ceff62-7307-57fa-17cb-d470555a8656', 'Phòng 402-A5', 50, 1, '7d8de15e-18ba-467b-9cac-edf92a1353ac', '3650c04e-62b1-6908-5598-ae38c5379e4b', NULL, NULL, NULL, NULL, '6fd9cee5-30b5-5670-79ff-f8ad76748b41', 'Máy tính', 'Bùi Quang Điệp', 'buiquangdiep@gmail.com', '732652cf-2f61-15d9-2c89-b7f541585633', 'Nguyễn Văn Hương ', 'suporterA5@gmail.com', '#0978AA', 'Red'),
('c5d6f117-ccb9-11ed-8def-f8b46ac25bb6', '403-A5', '74ceff62-7307-57fa-17cb-d470555a8656', 'Phòng 403-A5', 70, 1, '7d8de15e-18ba-467b-9cac-edf92a1353ac', '3650c04e-62b1-6908-5598-ae38c5379e4b', NULL, NULL, NULL, NULL, '6fd9cee5-30b5-5670-79ff-f8ad76748b41', 'Máy tính', 'Bùi Quang Điệp', 'buiquangdiep@gmail.com', '732652cf-2f61-15d9-2c89-b7f541585633', 'Nguyễn Văn Hương ', 'suporterA5@gmail.com', '#0978AA', 'Red'),
('c5d6f1fb-ccb9-11ed-8def-f8b46ac25bb6', '404-A5', '74ceff62-7307-57fa-17cb-d470555a8656', 'Phòng 404-A5', 60, 1, '7d8de15e-18ba-467b-9cac-edf92a1353ac', '3650c04e-62b1-6908-5598-ae38c5379e4b', NULL, NULL, NULL, NULL, '6fd9cee5-30b5-5670-79ff-f8ad76748b41', 'Máy tính', 'Bùi Quang Điệp', 'buiquangdiep@gmail.com', '732652cf-2f61-15d9-2c89-b7f541585633', 'Nguyễn Văn Hương ', 'suporterA5@gmail.com', '#0978AA', 'Red'),
('c5d6f2e1-ccb9-11ed-8def-f8b46ac25bb6', '405-A5', '74ceff62-7307-57fa-17cb-d470555a8656', 'Phòng 405-A5', 90, 1, '7d8de15e-18ba-467b-9cac-edf92a1353ac', '3650c04e-62b1-6908-5598-ae38c5379e4b', NULL, NULL, NULL, NULL, '6fd9cee5-30b5-5670-79ff-f8ad76748b41', 'Máy tính', 'Bùi Quang Điệp', 'buiquangdiep@gmail.com', '732652cf-2f61-15d9-2c89-b7f541585633', 'Nguyễn Văn Hương ', 'suporterA5@gmail.com', '#0978AA', 'Red'),
('c5d6f3c3-ccb9-11ed-8def-f8b46ac25bb6', '501-A5', '74ceff62-7307-57fa-17cb-d470555a8656', 'Phòng 501-A5', 30, 1, '7d8de15e-18ba-467b-9cac-edf92a1353ac', '3650c04e-62b1-6908-5598-ae38c5379e4b', NULL, NULL, NULL, NULL, '6fd9cee5-30b5-5670-79ff-f8ad76748b41', 'Máy tính', 'Bùi Quang Điệp', 'buiquangdiep@gmail.com', '732652cf-2f61-15d9-2c89-b7f541585633', 'Nguyễn Văn Hương ', 'suporterA5@gmail.com', '#0978AA', 'Red'),
('c5d6f4b3-ccb9-11ed-8def-f8b46ac25bb6', '502-A5', '74ceff62-7307-57fa-17cb-d470555a8656', 'Phòng 502-A5', 50, 1, '7d8de15e-18ba-467b-9cac-edf92a1353ac', '3650c04e-62b1-6908-5598-ae38c5379e4b', NULL, NULL, NULL, NULL, '1c1fcd85-59ec-7f23-924a-775f5b0c255b', 'Wi-fi', 'Bùi Quang Điệp', 'buiquangdiep@gmail.com', '732652cf-2f61-15d9-2c89-b7f541585633', 'Nguyễn Văn Hương ', 'suporterA5@gmail.com', '#0978AA', 'Red'),
('c5d6f5a9-ccb9-11ed-8def-f8b46ac25bb6', '503-A5', '74ceff62-7307-57fa-17cb-d470555a8656', 'Phòng 503-A5', 70, 1, '7d8de15e-18ba-467b-9cac-edf92a1353ac', '3650c04e-62b1-6908-5598-ae38c5379e4b', NULL, NULL, NULL, NULL, '1c1fcd85-59ec-7f23-924a-775f5b0c255b', 'Wi-fi', 'Bùi Quang Điệp', 'buiquangdiep@gmail.com', '732652cf-2f61-15d9-2c89-b7f541585633', 'Nguyễn Văn Hương ', 'suporterA5@gmail.com', '#0978AA', 'Red'),
('c5d6f6ad-ccb9-11ed-8def-f8b46ac25bb6', '504-A5', '74ceff62-7307-57fa-17cb-d470555a8656', 'Phòng 504-A5', 60, 1, '7d8de15e-18ba-467b-9cac-edf92a1353ac', '3650c04e-62b1-6908-5598-ae38c5379e4b', NULL, NULL, NULL, NULL, '1c1fcd85-59ec-7f23-924a-775f5b0c255b', 'Wi-fi', 'Bùi Quang Điệp', 'buiquangdiep@gmail.com', '732652cf-2f61-15d9-2c89-b7f541585633', 'Nguyễn Văn Hương ', 'suporterA5@gmail.com', '#0978AA', 'Red'),
('c5d6f78b-ccb9-11ed-8def-f8b46ac25bb6', '505-A5', '74ceff62-7307-57fa-17cb-d470555a8656', 'Phòng 505-A5', 90, 1, '7d8de15e-18ba-467b-9cac-edf92a1353ac', '3650c04e-62b1-6908-5598-ae38c5379e4b', NULL, NULL, NULL, NULL, '1c1fcd85-59ec-7f23-924a-775f5b0c255b', 'Wi-fi', 'Bùi Quang Điệp', 'buiquangdiep@gmail.com', '732652cf-2f61-15d9-2c89-b7f541585633', 'Nguyễn Văn Hương ', 'suporterA5@gmail.com', '#0978AA', 'Red'),
('ccccb67b-0d56-4929-83ef-ea26b92e9922', 'p101a1', '74ceff62-7307-57fa-17cb-d470555a8656', 'Phòng 101-a1', 50, 0, '7d8de15e-18ba-467b-9cac-edf92a1353ac', '1f60e54f-196f-45f3-5498-ae38c5379e4b', '2023-10-15 11:04:02', 'bqdiep@gmail.com', '2023-10-15 11:04:02', 'bqdiep@gmail.com', '676c50b7-4130-6122-b044-6bc098520b79,6fd9cee5-30b5-5670-79ff-f8ad76748b41,1c1fcd85-59ec-7f23-924a-775f5b0c255b', 'Máy chiếu + Micro + Wi-fi ', 'Bùi Quang Điệp', 'buiquangdiep@gmail.com', '6252d866-1eaf-63c0-38bf-2d1df1341b8b', 'Nguyễn Tuấn Thanh ', 'suporterA3@gmail.com', '#0978AA', 'Purple'),
('e616abec-ccb9-11ed-8def-f8b46ac25bb6', '101-A6', '74ceff62-7307-57fa-17cb-d470555a8656', 'Phòng 101-A6', 30, 1, 'cf4ed9b9-2f35-4f0a-a8e1-0a68174bc7be', '6e0dc48e-3eac-6143-9b66-a58ab8ff47ca', '2023-10-14 11:43:12', 'bqdiep@gmail.com', '2023-10-14 11:43:12', 'bqdiep@gmail.com', '6fd9cee5-30b5-5670-79ff-f8ad76748b41,1c1fcd85-59ec-7f23-924a-775f5b0c255b', 'Micro + Wi-fi ', 'Nguyễn Trung Đức', 'ducxeko11245@gmail.com', '78ec1618-3b10-13bc-1974-af6b0c9d8171', 'Nguyễn Việt Hường ', 'suporterA6@gmail.com', '#97D895', 'Green'),
('e616b2fb-ccb9-11ed-8def-f8b46ac25bb6', '102-A6', '74ceff62-7307-57fa-17cb-d470555a8656', 'Phòng 102-A6', 50, 1, '7d8de15e-18ba-467b-9cac-edf92a1353ac', '6e0dc48e-3eac-6143-9b66-a58ab8ff47ca', '2023-05-21 16:00:07', 'pttam@gmail.com', '2023-05-21 16:00:07', 'pttam@gmail.com', '1c1fcd85-59ec-7f23-924a-775f5b0c255b,3f7bb059-6c87-1b53-7f6a-e0860b0602ba', 'Wi-fi + Điều hòa ', 'Bùi Quang Điệp', 'buiquangdiep@gmail.com', '78ec1618-3b10-13bc-1974-af6b0c9d8171', 'Nguyễn Việt Hường ', 'suporterA6@gmail.com', '#0978AA', 'Green'),
('e616b438-ccb9-11ed-8def-f8b46ac25bb6', '103-A6', '74ceff62-7307-57fa-17cb-d470555a8656', 'Phòng 103-A6', 70, 1, '7d8de15e-18ba-467b-9cac-edf92a1353ac', '6e0dc48e-3eac-6143-9b66-a58ab8ff47ca', '2023-05-21 16:01:16', 'pttam@gmail.com', '2023-05-21 16:01:16', 'pttam@gmail.com', '6fd9cee5-30b5-5670-79ff-f8ad76748b41,6e0e23cc-5dbb-6fe0-8b0b-d111d7560dd1,1c1fcd85-59ec-7f23-924a-775f5b0c255b', 'Micro + Quạt trần + Wi-fi ', 'Bùi Quang Điệp', 'buiquangdiep@gmail.com', '78ec1618-3b10-13bc-1974-af6b0c9d8171', 'Nguyễn Việt Hường ', 'suporterA6@gmail.com', '#0978AA', 'Green'),
('e616b52e-ccb9-11ed-8def-f8b46ac25bb6', '104-A6', '74ceff62-7307-57fa-17cb-d470555a8656', 'Phòng 104-A6', 60, 1, '7d8de15e-18ba-467b-9cac-edf92a1353ac', '6e0dc48e-3eac-6143-9b66-a58ab8ff47ca', '2023-05-21 16:02:00', 'pttam@gmail.com', '2023-05-21 16:02:00', 'pttam@gmail.com', '6fd9cee5-30b5-5670-79ff-f8ad76748b41,1c1fcd85-59ec-7f23-924a-775f5b0c255b', 'Micro + Wi-fi ', 'Bùi Quang Điệp', 'buiquangdiep@gmail.com', '78ec1618-3b10-13bc-1974-af6b0c9d8171', 'Nguyễn Việt Hường ', 'suporterA6@gmail.com', '#0978AA', 'Green'),
('e616b61c-ccb9-11ed-8def-f8b46ac25bb6', '105-A6', '74ceff62-7307-57fa-17cb-d470555a8656', 'Phòng 105-A6', 90, 1, '7d8de15e-18ba-467b-9cac-edf92a1353ac', '6e0dc48e-3eac-6143-9b66-a58ab8ff47ca', '2023-05-21 16:02:40', 'pttam@gmail.com', '2023-05-21 16:02:40', 'pttam@gmail.com', '676c50b7-4130-6122-b044-6bc098520b79,6e0e23cc-5dbb-6fe0-8b0b-d111d7560dd1', 'Máy chiếu + Quạt trần ', 'Bùi Quang Điệp', 'buiquangdiep@gmail.com', '78ec1618-3b10-13bc-1974-af6b0c9d8171', 'Nguyễn Việt Hường ', 'suporterA6@gmail.com', '#0978AA', 'Green'),
('e616b720-ccb9-11ed-8def-f8b46ac25bb6', '201-A6', '74ceff62-7307-57fa-17cb-d470555a8656', 'Phòng 201-A6', 30, 1, '7d8de15e-18ba-467b-9cac-edf92a1353ac', '6e0dc48e-3eac-6143-9b66-a58ab8ff47ca', NULL, NULL, NULL, NULL, '1c1fcd85-59ec-7f23-924a-775f5b0c255b', 'Wi-fi', 'Bùi Quang Điệp', 'buiquangdiep@gmail.com', '78ec1618-3b10-13bc-1974-af6b0c9d8171', 'Nguyễn Việt Hường ', 'suporterA6@gmail.com', '#0978AA', 'Green'),
('e616b81e-ccb9-11ed-8def-f8b46ac25bb6', '202-A6', '74ceff62-7307-57fa-17cb-d470555a8656', 'Phòng 202-A6', 50, 1, '7d8de15e-18ba-467b-9cac-edf92a1353ac', '6e0dc48e-3eac-6143-9b66-a58ab8ff47ca', NULL, NULL, NULL, NULL, '1c1fcd85-59ec-7f23-924a-775f5b0c255b', 'Wi-fi', 'Bùi Quang Điệp', 'buiquangdiep@gmail.com', '78ec1618-3b10-13bc-1974-af6b0c9d8171', 'Nguyễn Việt Hường ', 'suporterA6@gmail.com', '#0978AA', 'Green'),
('e616b8ea-ccb9-11ed-8def-f8b46ac25bb6', '203-A6', '74ceff62-7307-57fa-17cb-d470555a8656', 'Phòng 203-A6', 70, 1, '7d8de15e-18ba-467b-9cac-edf92a1353ac', '6e0dc48e-3eac-6143-9b66-a58ab8ff47ca', '2023-05-21 16:03:27', 'pttam@gmail.com', '2023-05-21 16:03:27', 'pttam@gmail.com', '676c50b7-4130-6122-b044-6bc098520b79,6fd9cee5-30b5-5670-79ff-f8ad76748b41,1c1fcd85-59ec-7f23-924a-775f5b0c255b', 'Máy chiếu + Micro + Wi-fi ', 'Bùi Quang Điệp', 'buiquangdiep@gmail.com', '78ec1618-3b10-13bc-1974-af6b0c9d8171', 'Nguyễn Việt Hường ', 'suporterA6@gmail.com', '#0978AA', 'Green'),
('e616bac1-ccb9-11ed-8def-f8b46ac25bb6', '204-A6', '74ceff62-7307-57fa-17cb-d470555a8656', 'Phòng 204-A6', 60, 1, '7d8de15e-18ba-467b-9cac-edf92a1353ac', '6e0dc48e-3eac-6143-9b66-a58ab8ff47ca', NULL, NULL, NULL, NULL, '1c1fcd85-59ec-7f23-924a-775f5b0c255b', 'Wi-fi', 'Bùi Quang Điệp', 'buiquangdiep@gmail.com', '78ec1618-3b10-13bc-1974-af6b0c9d8171', 'Nguyễn Việt Hường ', 'suporterA6@gmail.com', '#0978AA', 'Green'),
('e616bb96-ccb9-11ed-8def-f8b46ac25bb6', '205-A6', '74ceff62-7307-57fa-17cb-d470555a8656', 'Phòng 205-A6', 90, 1, '7d8de15e-18ba-467b-9cac-edf92a1353ac', '6e0dc48e-3eac-6143-9b66-a58ab8ff47ca', NULL, NULL, NULL, NULL, '1c1fcd85-59ec-7f23-924a-775f5b0c255b', 'Wi-fi', 'Bùi Quang Điệp', 'buiquangdiep@gmail.com', '78ec1618-3b10-13bc-1974-af6b0c9d8171', 'Nguyễn Việt Hường ', 'suporterA6@gmail.com', '#0978AA', 'Green'),
('e616bc70-ccb9-11ed-8def-f8b46ac25bb6', '301-A6', '74ceff62-7307-57fa-17cb-d470555a8656', 'Phòng 301-A6', 30, 1, '7d8de15e-18ba-467b-9cac-edf92a1353ac', '6e0dc48e-3eac-6143-9b66-a58ab8ff47ca', NULL, NULL, NULL, NULL, '1c1fcd85-59ec-7f23-924a-775f5b0c255b', 'Wi-fi', 'Bùi Quang Điệp', 'buiquangdiep@gmail.com', '78ec1618-3b10-13bc-1974-af6b0c9d8171', 'Nguyễn Việt Hường ', 'suporterA6@gmail.com', '#0978AA', 'Green'),
('e616bd4f-ccb9-11ed-8def-f8b46ac25bb6', '302-A6', '74ceff62-7307-57fa-17cb-d470555a8656', 'Phòng 302-A6', 50, 1, '7d8de15e-18ba-467b-9cac-edf92a1353ac', '6e0dc48e-3eac-6143-9b66-a58ab8ff47ca', NULL, NULL, NULL, NULL, '1c1fcd85-59ec-7f23-924a-775f5b0c255b', 'Wi-fi', 'Bùi Quang Điệp', 'buiquangdiep@gmail.com', '78ec1618-3b10-13bc-1974-af6b0c9d8171', 'Nguyễn Việt Hường ', 'suporterA6@gmail.com', '#0978AA', 'Green'),
('e616be1d-ccb9-11ed-8def-f8b46ac25bb6', '303-A6', '74ceff62-7307-57fa-17cb-d470555a8656', 'Phòng 303-A6', 70, 1, '7d8de15e-18ba-467b-9cac-edf92a1353ac', '6e0dc48e-3eac-6143-9b66-a58ab8ff47ca', '2023-05-21 16:04:11', 'pttam@gmail.com', '2023-05-21 16:04:11', 'pttam@gmail.com', '676c50b7-4130-6122-b044-6bc098520b79,3f7bb059-6c87-1b53-7f6a-e0860b0602ba', 'Máy chiếu + Điều hòa ', 'Bùi Quang Điệp', 'buiquangdiep@gmail.com', '78ec1618-3b10-13bc-1974-af6b0c9d8171', 'Nguyễn Việt Hường ', 'suporterA6@gmail.com', '#0978AA', 'Green'),
('e616beee-ccb9-11ed-8def-f8b46ac25bb6', '304-A6', '74ceff62-7307-57fa-17cb-d470555a8656', 'Phòng 304-A6', 60, 1, '7d8de15e-18ba-467b-9cac-edf92a1353ac', '6e0dc48e-3eac-6143-9b66-a58ab8ff47ca', '2023-05-21 16:03:54', 'pttam@gmail.com', '2023-05-21 16:03:54', 'pttam@gmail.com', '6fd9cee5-30b5-5670-79ff-f8ad76748b41,1c1fcd85-59ec-7f23-924a-775f5b0c255b', 'Micro + Wi-fi ', 'Bùi Quang Điệp', 'buiquangdiep@gmail.com', '78ec1618-3b10-13bc-1974-af6b0c9d8171', 'Nguyễn Việt Hường ', 'suporterA6@gmail.com', '#0978AA', 'Green'),
('e616bfc5-ccb9-11ed-8def-f8b46ac25bb6', '305-A6', '74ceff62-7307-57fa-17cb-d470555a8656', 'Phòng 305-A6', 90, 1, '7d8de15e-18ba-467b-9cac-edf92a1353ac', '6e0dc48e-3eac-6143-9b66-a58ab8ff47ca', NULL, NULL, NULL, NULL, '1c1fcd85-59ec-7f23-924a-775f5b0c255b', 'Wi-fi', 'Bùi Quang Điệp', 'buiquangdiep@gmail.com', '78ec1618-3b10-13bc-1974-af6b0c9d8171', 'Nguyễn Việt Hường ', 'suporterA6@gmail.com', '#0978AA', 'Green'),
('e616c0a8-ccb9-11ed-8def-f8b46ac25bb6', '401-A6', '74ceff62-7307-57fa-17cb-d470555a8656', 'Phòng 401-A6', 30, 1, '7d8de15e-18ba-467b-9cac-edf92a1353ac', '6e0dc48e-3eac-6143-9b66-a58ab8ff47ca', NULL, NULL, NULL, NULL, '1c1fcd85-59ec-7f23-924a-775f5b0c255b', 'Wi-fi', 'Bùi Quang Điệp', 'buiquangdiep@gmail.com', '78ec1618-3b10-13bc-1974-af6b0c9d8171', 'Nguyễn Việt Hường ', 'suporterA6@gmail.com', '#0978AA', 'Green'),
('e616c19c-ccb9-11ed-8def-f8b46ac25bb6', '402-A6', '74ceff62-7307-57fa-17cb-d470555a8656', 'Phòng 402-A6', 50, 1, '7d8de15e-18ba-467b-9cac-edf92a1353ac', '6e0dc48e-3eac-6143-9b66-a58ab8ff47ca', NULL, NULL, NULL, NULL, '1c1fcd85-59ec-7f23-924a-775f5b0c255b', 'Wi-fi', 'Bùi Quang Điệp', 'buiquangdiep@gmail.com', '78ec1618-3b10-13bc-1974-af6b0c9d8171', 'Nguyễn Việt Hường ', 'suporterA6@gmail.com', '#0978AA', 'Green'),
('e616c40a-ccb9-11ed-8def-f8b46ac25bb6', '403-A6', '74ceff62-7307-57fa-17cb-d470555a8656', 'Phòng 403-A6', 70, 1, '7d8de15e-18ba-467b-9cac-edf92a1353ac', '6e0dc48e-3eac-6143-9b66-a58ab8ff47ca', NULL, NULL, NULL, NULL, '1c1fcd85-59ec-7f23-924a-775f5b0c255b', 'Wi-fi', 'Bùi Quang Điệp', 'buiquangdiep@gmail.com', '78ec1618-3b10-13bc-1974-af6b0c9d8171', 'Nguyễn Việt Hường ', 'suporterA6@gmail.com', '#0978AA', 'Green'),
('e616c506-ccb9-11ed-8def-f8b46ac25bb6', '404-A6', '74ceff62-7307-57fa-17cb-d470555a8656', 'Phòng 404-A6', 60, 1, '7d8de15e-18ba-467b-9cac-edf92a1353ac', '6e0dc48e-3eac-6143-9b66-a58ab8ff47ca', NULL, NULL, NULL, NULL, '1c1fcd85-59ec-7f23-924a-775f5b0c255b', 'Wi-fi', 'Bùi Quang Điệp', 'buiquangdiep@gmail.com', '78ec1618-3b10-13bc-1974-af6b0c9d8171', 'Nguyễn Việt Hường ', 'suporterA6@gmail.com', '#0978AA', 'Green'),
('e616c5dd-ccb9-11ed-8def-f8b46ac25bb6', '405-A6', '74ceff62-7307-57fa-17cb-d470555a8656', 'Phòng 405-A6', 90, 1, '7d8de15e-18ba-467b-9cac-edf92a1353ac', '6e0dc48e-3eac-6143-9b66-a58ab8ff47ca', NULL, NULL, NULL, NULL, '1c1fcd85-59ec-7f23-924a-775f5b0c255b', 'Wi-fi', 'Bùi Quang Điệp', 'buiquangdiep@gmail.com', '78ec1618-3b10-13bc-1974-af6b0c9d8171', 'Nguyễn Việt Hường ', 'suporterA6@gmail.com', '#0978AA', 'Green'),
('e616cab9-ccb9-11ed-8def-f8b46ac25bb6', '501-A6', '74ceff62-7307-57fa-17cb-d470555a8656', 'Phòng 501-A6', 30, 1, '7d8de15e-18ba-467b-9cac-edf92a1353ac', '6e0dc48e-3eac-6143-9b66-a58ab8ff47ca', NULL, NULL, NULL, NULL, '1c1fcd85-59ec-7f23-924a-775f5b0c255b', 'Wi-fi', 'Bùi Quang Điệp', 'buiquangdiep@gmail.com', '78ec1618-3b10-13bc-1974-af6b0c9d8171', 'Nguyễn Việt Hường ', 'suporterA6@gmail.com', '#0978AA', 'Green'),
('e616cba6-ccb9-11ed-8def-f8b46ac25bb6', '502-A6', '74ceff62-7307-57fa-17cb-d470555a8656', 'Phòng 502-A6', 50, 1, '7d8de15e-18ba-467b-9cac-edf92a1353ac', '6e0dc48e-3eac-6143-9b66-a58ab8ff47ca', NULL, NULL, NULL, NULL, '1c1fcd85-59ec-7f23-924a-775f5b0c255b', 'Wi-fi', 'Bùi Quang Điệp', 'buiquangdiep@gmail.com', '78ec1618-3b10-13bc-1974-af6b0c9d8171', 'Nguyễn Việt Hường ', 'suporterA6@gmail.com', '#0978AA', 'Green'),
('e616ccb9-ccb9-11ed-8def-f8b46ac25bb6', '503-A6', '74ceff62-7307-57fa-17cb-d470555a8656', 'Phòng 503-A6', 70, 1, '7d8de15e-18ba-467b-9cac-edf92a1353ac', '6e0dc48e-3eac-6143-9b66-a58ab8ff47ca', NULL, NULL, NULL, NULL, '1c1fcd85-59ec-7f23-924a-775f5b0c255b', 'Wi-fi', 'Bùi Quang Điệp', 'buiquangdiep@gmail.com', '78ec1618-3b10-13bc-1974-af6b0c9d8171', 'Nguyễn Việt Hường ', 'suporterA6@gmail.com', '#0978AA', 'Green'),
('e616cdfb-ccb9-11ed-8def-f8b46ac25bb6', '504-A6', '74ceff62-7307-57fa-17cb-d470555a8656', 'Phòng 504-A6', 60, 1, '7d8de15e-18ba-467b-9cac-edf92a1353ac', '6e0dc48e-3eac-6143-9b66-a58ab8ff47ca', NULL, NULL, NULL, NULL, '1c1fcd85-59ec-7f23-924a-775f5b0c255b', 'Wi-fi', 'Bùi Quang Điệp', 'buiquangdiep@gmail.com', '78ec1618-3b10-13bc-1974-af6b0c9d8171', 'Nguyễn Việt Hường ', 'suporterA6@gmail.com', '#0978AA', 'Green'),
('e616cfc0-ccb9-11ed-8def-f8b46ac25bb6', '505-A6', '74ceff62-7307-57fa-17cb-d470555a8656', 'Phòng 505-A6', 90, 1, '7d8de15e-18ba-467b-9cac-edf92a1353ac', '6e0dc48e-3eac-6143-9b66-a58ab8ff47ca', NULL, NULL, NULL, NULL, '1c1fcd85-59ec-7f23-924a-775f5b0c255b', 'Wi-fi', 'Bùi Quang Điệp', 'buiquangdiep@gmail.com', '78ec1618-3b10-13bc-1974-af6b0c9d8171', 'Nguyễn Việt Hường ', 'suporterA6@gmail.com', '#0978AA', 'Green'),
('fe0cb7eb-ccb9-11ed-8def-f8b46ac25bb6', '101-A7', '74ceff62-7307-57fa-17cb-d470555a8656', 'Phòng 101-A7', 30, 1, 'cf4ed9b9-2f35-4f0a-a8e1-0a68174bc7be', '13a507d0-342d-6292-6de3-2ceaa9cf3765', '2023-10-14 13:35:02', 'bqdiep@gmail.com', '2023-10-14 13:35:02', 'bqdiep@gmail.com', '6e0e23cc-5dbb-6fe0-8b0b-d111d7560dd1,1c1fcd85-59ec-7f23-924a-775f5b0c255b', 'Quạt trần + Wi-fi ', 'Nguyễn Trung Đức', 'ducxeko11245@gmail.com', '7a69ae9c-561e-58c1-30bf-2d1df1341b8b', 'Võ Văn Cường ', 'suporterA7@gmail.com', '#97D895', 'LAVENDER'),
('fe0cbe14-ccb9-11ed-8def-f8b46ac25bb6', '102-A7', '74ceff62-7307-57fa-17cb-d470555a8656', 'Phòng 102-A7', 50, 1, '7d8de15e-18ba-467b-9cac-edf92a1353ac', '13a507d0-342d-6292-6de3-2ceaa9cf3765', '2023-05-21 16:00:45', 'pttam@gmail.com', '2023-05-21 16:00:45', 'pttam@gmail.com', '676c50b7-4130-6122-b044-6bc098520b79,1c1fcd85-59ec-7f23-924a-775f5b0c255b', 'Máy chiếu + Wi-fi ', 'Bùi Quang Điệp', 'buiquangdiep@gmail.com', '7a69ae9c-561e-58c1-30bf-2d1df1341b8b', 'Võ Văn Cường ', 'suporterA7@gmail.com', '#0978AA', 'LAVENDER'),
('fe0cbf6a-ccb9-11ed-8def-f8b46ac25bb6', '103-A7', '74ceff62-7307-57fa-17cb-d470555a8656', 'Phòng 103-A7', 70, 1, '7d8de15e-18ba-467b-9cac-edf92a1353ac', '13a507d0-342d-6292-6de3-2ceaa9cf3765', '2023-05-21 16:01:25', 'pttam@gmail.com', '2023-05-21 16:01:25', 'pttam@gmail.com', '1c1fcd85-59ec-7f23-924a-775f5b0c255b,3f7bb059-6c87-1b53-7f6a-e0860b0602ba', 'Wi-fi + Điều hòa ', 'Bùi Quang Điệp', 'buiquangdiep@gmail.com', '7a69ae9c-561e-58c1-30bf-2d1df1341b8b', 'Võ Văn Cường ', 'suporterA7@gmail.com', '#0978AA', 'LAVENDER'),
('fe0cc05c-ccb9-11ed-8def-f8b46ac25bb6', '104-A7', '74ceff62-7307-57fa-17cb-d470555a8656', 'Phòng 104-A7', 60, 1, '7d8de15e-18ba-467b-9cac-edf92a1353ac', '13a507d0-342d-6292-6de3-2ceaa9cf3765', '2023-05-21 16:02:04', 'pttam@gmail.com', '2023-05-21 16:02:04', 'pttam@gmail.com', '6fd9cee5-30b5-5670-79ff-f8ad76748b41,1c1fcd85-59ec-7f23-924a-775f5b0c255b', 'Micro + Wi-fi ', 'Bùi Quang Điệp', 'buiquangdiep@gmail.com', '7a69ae9c-561e-58c1-30bf-2d1df1341b8b', 'Võ Văn Cường ', 'suporterA7@gmail.com', '#0978AA', 'LAVENDER'),
('fe0cc139-ccb9-11ed-8def-f8b46ac25bb6', '105-A7', '74ceff62-7307-57fa-17cb-d470555a8656', 'Phòng 105-A7', 90, 1, '7d8de15e-18ba-467b-9cac-edf92a1353ac', '13a507d0-342d-6292-6de3-2ceaa9cf3765', '2023-05-21 16:02:46', 'pttam@gmail.com', '2023-05-21 16:02:46', 'pttam@gmail.com', '1c1fcd85-59ec-7f23-924a-775f5b0c255b,3f7bb059-6c87-1b53-7f6a-e0860b0602ba', 'Wi-fi + Điều hòa ', 'Bùi Quang Điệp', 'buiquangdiep@gmail.com', '7a69ae9c-561e-58c1-30bf-2d1df1341b8b', 'Võ Văn Cường ', 'suporterA7@gmail.com', '#0978AA', 'LAVENDER'),
('fe0cc22d-ccb9-11ed-8def-f8b46ac25bb6', '201-A7', '74ceff62-7307-57fa-17cb-d470555a8656', 'Phòng 201-A7', 30, 1, '7d8de15e-18ba-467b-9cac-edf92a1353ac', '13a507d0-342d-6292-6de3-2ceaa9cf3765', NULL, NULL, NULL, NULL, '1c1fcd85-59ec-7f23-924a-775f5b0c255b', 'Wi-fi', 'Bùi Quang Điệp', 'buiquangdiep@gmail.com', '7a69ae9c-561e-58c1-30bf-2d1df1341b8b', 'Võ Văn Cường ', 'suporterA7@gmail.com', '#0978AA', 'LAVENDER'),
('fe0cc317-ccb9-11ed-8def-f8b46ac25bb6', '202-A7', '74ceff62-7307-57fa-17cb-d470555a8656', 'Phòng 202-A7', 50, 1, '7d8de15e-18ba-467b-9cac-edf92a1353ac', '13a507d0-342d-6292-6de3-2ceaa9cf3765', NULL, NULL, NULL, NULL, '1c1fcd85-59ec-7f23-924a-775f5b0c255b', 'Wi-fi', 'Bùi Quang Điệp', 'buiquangdiep@gmail.com', '7a69ae9c-561e-58c1-30bf-2d1df1341b8b', 'Võ Văn Cường ', 'suporterA7@gmail.com', '#0978AA', 'LAVENDER'),
('fe0cc3ed-ccb9-11ed-8def-f8b46ac25bb6', '203-A7', '74ceff62-7307-57fa-17cb-d470555a8656', 'Phòng 203-A7', 70, 1, '7d8de15e-18ba-467b-9cac-edf92a1353ac', '13a507d0-342d-6292-6de3-2ceaa9cf3765', '2023-05-21 16:03:21', 'pttam@gmail.com', '2023-05-21 16:03:21', 'pttam@gmail.com', '6fd9cee5-30b5-5670-79ff-f8ad76748b41,3f7bb059-6c87-1b53-7f6a-e0860b0602ba', 'Micro + Điều hòa ', 'Bùi Quang Điệp', 'buiquangdiep@gmail.com', '7a69ae9c-561e-58c1-30bf-2d1df1341b8b', 'Võ Văn Cường ', 'suporterA7@gmail.com', '#0978AA', 'LAVENDER'),
('fe0cc531-ccb9-11ed-8def-f8b46ac25bb6', '204-A7', '74ceff62-7307-57fa-17cb-d470555a8656', 'Phòng 204-A7', 60, 1, '7d8de15e-18ba-467b-9cac-edf92a1353ac', '13a507d0-342d-6292-6de3-2ceaa9cf3765', NULL, NULL, NULL, NULL, '1c1fcd85-59ec-7f23-924a-775f5b0c255b', 'Wi-fi', 'Bùi Quang Điệp', 'buiquangdiep@gmail.com', '7a69ae9c-561e-58c1-30bf-2d1df1341b8b', 'Võ Văn Cường ', 'suporterA7@gmail.com', '#0978AA', 'LAVENDER'),
('fe0cc607-ccb9-11ed-8def-f8b46ac25bb6', '205-A7', '74ceff62-7307-57fa-17cb-d470555a8656', 'Phòng 205-A7', 90, 1, '7d8de15e-18ba-467b-9cac-edf92a1353ac', '13a507d0-342d-6292-6de3-2ceaa9cf3765', NULL, NULL, NULL, NULL, '1c1fcd85-59ec-7f23-924a-775f5b0c255b', 'Wi-fi', 'Bùi Quang Điệp', 'buiquangdiep@gmail.com', '7a69ae9c-561e-58c1-30bf-2d1df1341b8b', 'Võ Văn Cường ', 'suporterA7@gmail.com', '#0978AA', 'LAVENDER'),
('fe0cc6f4-ccb9-11ed-8def-f8b46ac25bb6', '301-A7', '74ceff62-7307-57fa-17cb-d470555a8656', 'Phòng 301-A7', 30, 1, '7d8de15e-18ba-467b-9cac-edf92a1353ac', '13a507d0-342d-6292-6de3-2ceaa9cf3765', NULL, NULL, NULL, NULL, '1c1fcd85-59ec-7f23-924a-775f5b0c255b', 'Wi-fi', 'Bùi Quang Điệp', 'buiquangdiep@gmail.com', '7a69ae9c-561e-58c1-30bf-2d1df1341b8b', 'Võ Văn Cường ', 'suporterA7@gmail.com', '#0978AA', 'LAVENDER'),
('fe0cc82a-ccb9-11ed-8def-f8b46ac25bb6', '302-A7', '74ceff62-7307-57fa-17cb-d470555a8656', 'Phòng 302-A7', 50, 1, '7d8de15e-18ba-467b-9cac-edf92a1353ac', '13a507d0-342d-6292-6de3-2ceaa9cf3765', NULL, NULL, NULL, NULL, '1c1fcd85-59ec-7f23-924a-775f5b0c255b', 'Wi-fi', 'Bùi Quang Điệp', 'buiquangdiep@gmail.com', '7a69ae9c-561e-58c1-30bf-2d1df1341b8b', 'Võ Văn Cường ', 'suporterA7@gmail.com', '#0978AA', 'LAVENDER'),
('fe0cc9b8-ccb9-11ed-8def-f8b46ac25bb6', '303-A7', '74ceff62-7307-57fa-17cb-d470555a8656', 'Phòng 303-A7', 70, 1, '7d8de15e-18ba-467b-9cac-edf92a1353ac', '13a507d0-342d-6292-6de3-2ceaa9cf3765', NULL, NULL, NULL, NULL, '1c1fcd85-59ec-7f23-924a-775f5b0c255b', 'Wi-fi', 'Bùi Quang Điệp', 'buiquangdiep@gmail.com', '7a69ae9c-561e-58c1-30bf-2d1df1341b8b', 'Võ Văn Cường ', 'suporterA7@gmail.com', '#0978AA', 'LAVENDER'),
('fe0ccaf7-ccb9-11ed-8def-f8b46ac25bb6', '304-A7', '74ceff62-7307-57fa-17cb-d470555a8656', 'Phòng 304-A7', 60, 1, '7d8de15e-18ba-467b-9cac-edf92a1353ac', '13a507d0-342d-6292-6de3-2ceaa9cf3765', NULL, NULL, NULL, NULL, '1c1fcd85-59ec-7f23-924a-775f5b0c255b', 'Wi-fi', 'Bùi Quang Điệp', 'buiquangdiep@gmail.com', '7a69ae9c-561e-58c1-30bf-2d1df1341b8b', 'Võ Văn Cường ', 'suporterA7@gmail.com', '#0978AA', 'LAVENDER'),
('fe0ccc1e-ccb9-11ed-8def-f8b46ac25bb6', '305-A7', '74ceff62-7307-57fa-17cb-d470555a8656', 'Phòng 305-A7', 90, 1, '7d8de15e-18ba-467b-9cac-edf92a1353ac', '13a507d0-342d-6292-6de3-2ceaa9cf3765', NULL, NULL, NULL, NULL, '1c1fcd85-59ec-7f23-924a-775f5b0c255b', 'Wi-fi', 'Bùi Quang Điệp', 'buiquangdiep@gmail.com', '7a69ae9c-561e-58c1-30bf-2d1df1341b8b', 'Võ Văn Cường ', 'suporterA7@gmail.com', '#0978AA', 'LAVENDER'),
('fe0ccdd8-ccb9-11ed-8def-f8b46ac25bb6', '401-A7', '74ceff62-7307-57fa-17cb-d470555a8656', 'Phòng 401-A7', 30, 1, '7d8de15e-18ba-467b-9cac-edf92a1353ac', '13a507d0-342d-6292-6de3-2ceaa9cf3765', NULL, NULL, NULL, NULL, '1c1fcd85-59ec-7f23-924a-775f5b0c255b', 'Wi-fi', 'Bùi Quang Điệp', 'buiquangdiep@gmail.com', '7a69ae9c-561e-58c1-30bf-2d1df1341b8b', 'Võ Văn Cường ', 'suporterA7@gmail.com', '#0978AA', 'LAVENDER'),
('fe0cd6ef-ccb9-11ed-8def-f8b46ac25bb6', '402-A7', '74ceff62-7307-57fa-17cb-d470555a8656', 'Phòng 402-A7', 50, 1, '7d8de15e-18ba-467b-9cac-edf92a1353ac', '13a507d0-342d-6292-6de3-2ceaa9cf3765', NULL, NULL, NULL, NULL, '1c1fcd85-59ec-7f23-924a-775f5b0c255b', 'Wi-fi', 'Bùi Quang Điệp', 'buiquangdiep@gmail.com', '7a69ae9c-561e-58c1-30bf-2d1df1341b8b', 'Võ Văn Cường ', 'suporterA7@gmail.com', '#0978AA', 'LAVENDER'),
('fe0cd8d9-ccb9-11ed-8def-f8b46ac25bb6', '403-A7', '74ceff62-7307-57fa-17cb-d470555a8656', 'Phòng 403-A7', 70, 1, '7d8de15e-18ba-467b-9cac-edf92a1353ac', '13a507d0-342d-6292-6de3-2ceaa9cf3765', NULL, NULL, NULL, NULL, '1c1fcd85-59ec-7f23-924a-775f5b0c255b', 'Wi-fi', 'Bùi Quang Điệp', 'buiquangdiep@gmail.com', '7a69ae9c-561e-58c1-30bf-2d1df1341b8b', 'Võ Văn Cường ', 'suporterA7@gmail.com', '#0978AA', 'LAVENDER'),
('fe0cda35-ccb9-11ed-8def-f8b46ac25bb6', '404-A7', '74ceff62-7307-57fa-17cb-d470555a8656', 'Phòng 404-A7', 60, 1, '7d8de15e-18ba-467b-9cac-edf92a1353ac', '13a507d0-342d-6292-6de3-2ceaa9cf3765', NULL, NULL, NULL, NULL, '1c1fcd85-59ec-7f23-924a-775f5b0c255b', 'Wi-fi', 'Bùi Quang Điệp', 'buiquangdiep@gmail.com', '7a69ae9c-561e-58c1-30bf-2d1df1341b8b', 'Võ Văn Cường ', 'suporterA7@gmail.com', '#0978AA', 'LAVENDER'),
('fe0cdb1f-ccb9-11ed-8def-f8b46ac25bb6', '405-A7', '74ceff62-7307-57fa-17cb-d470555a8656', 'Phòng 405-A7', 90, 1, '7d8de15e-18ba-467b-9cac-edf92a1353ac', '13a507d0-342d-6292-6de3-2ceaa9cf3765', NULL, NULL, NULL, NULL, '1c1fcd85-59ec-7f23-924a-775f5b0c255b', 'Wi-fi', 'Bùi Quang Điệp', 'buiquangdiep@gmail.com', '7a69ae9c-561e-58c1-30bf-2d1df1341b8b', 'Võ Văn Cường ', 'suporterA7@gmail.com', '#0978AA', 'LAVENDER'),
('fe0cdcf9-ccb9-11ed-8def-f8b46ac25bb6', '501-A7', '74ceff62-7307-57fa-17cb-d470555a8656', 'Phòng 501-A7', 30, 1, '7d8de15e-18ba-467b-9cac-edf92a1353ac', '13a507d0-342d-6292-6de3-2ceaa9cf3765', NULL, NULL, NULL, NULL, '1c1fcd85-59ec-7f23-924a-775f5b0c255b', 'Wi-fi', 'Bùi Quang Điệp', 'buiquangdiep@gmail.com', '7a69ae9c-561e-58c1-30bf-2d1df1341b8b', 'Võ Văn Cường ', 'suporterA7@gmail.com', '#0978AA', 'LAVENDER'),
('fe0cde96-ccb9-11ed-8def-f8b46ac25bb6', '502-A7', '74ceff62-7307-57fa-17cb-d470555a8656', 'Phòng 502-A7', 50, 1, '7d8de15e-18ba-467b-9cac-edf92a1353ac', '13a507d0-342d-6292-6de3-2ceaa9cf3765', NULL, NULL, NULL, NULL, '1c1fcd85-59ec-7f23-924a-775f5b0c255b', 'Wi-fi', 'Bùi Quang Điệp', 'buiquangdiep@gmail.com', '7a69ae9c-561e-58c1-30bf-2d1df1341b8b', 'Võ Văn Cường ', 'suporterA7@gmail.com', '#0978AA', 'LAVENDER'),
('fe0cdfb6-ccb9-11ed-8def-f8b46ac25bb6', '503-A7', '74ceff62-7307-57fa-17cb-d470555a8656', 'Phòng 503-A7', 70, 1, '7d8de15e-18ba-467b-9cac-edf92a1353ac', '13a507d0-342d-6292-6de3-2ceaa9cf3765', NULL, NULL, NULL, NULL, '1c1fcd85-59ec-7f23-924a-775f5b0c255b', 'Wi-fi', 'Bùi Quang Điệp', 'buiquangdiep@gmail.com', '7a69ae9c-561e-58c1-30bf-2d1df1341b8b', 'Võ Văn Cường ', 'suporterA7@gmail.com', '#0978AA', 'LAVENDER'),
('fe0ce0f7-ccb9-11ed-8def-f8b46ac25bb6', '504-A7', '74ceff62-7307-57fa-17cb-d470555a8656', 'Phòng 504-A7', 60, 1, '7d8de15e-18ba-467b-9cac-edf92a1353ac', '13a507d0-342d-6292-6de3-2ceaa9cf3765', NULL, NULL, NULL, NULL, '1c1fcd85-59ec-7f23-924a-775f5b0c255b', 'Wi-fi', 'Bùi Quang Điệp', 'buiquangdiep@gmail.com', '7a69ae9c-561e-58c1-30bf-2d1df1341b8b', 'Võ Văn Cường ', 'suporterA7@gmail.com', '#0978AA', 'LAVENDER'),
('fe0ce209-ccb9-11ed-8def-f8b46ac25bb6', '505-A7', '74ceff62-7307-57fa-17cb-d470555a8656', 'Phòng 505-A7', 90, 1, '7d8de15e-18ba-467b-9cac-edf92a1353ac', '13a507d0-342d-6292-6de3-2ceaa9cf3765', NULL, NULL, NULL, NULL, '1c1fcd85-59ec-7f23-924a-775f5b0c255b', 'Wi-fi', 'Bùi Quang Điệp', 'buiquangdiep@gmail.com', '7a69ae9c-561e-58c1-30bf-2d1df1341b8b', 'Võ Văn Cường ', 'suporterA7@gmail.com', '#0978AA', 'LAVENDER');

-- 
-- Dumping data for table equipment
--
INSERT INTO equipment VALUES
('1c1fcd85-59ec-7f23-924a-775f5b0c255b', 'TB-8740', 'Wi-fi', '30d41e52-5e66-72bc-6c1c-b47866e0b131', NULL, NULL, '1996-08-07 13:49:42', 'Adriene Booth'),
('3f7bb059-6c87-1b53-7f6a-e0860b0602ba', 'TB-2721', 'Điều hòa', '5bd71cda-209f-2ade-54d1-35c781481818', '1984-03-21 21:31:13', 'Stacey Mccune', '1970-01-01 00:00:18', 'Carlee Kauffman'),
('676c50b7-4130-6122-b044-6bc098520b79', 'TB-6798', 'Máy chiếu', '5bd71cda-209f-2ade-54d1-35c781481818', '2006-08-13 03:14:20', 'Abram Koontz', NULL, NULL),
('6e0e23cc-5dbb-6fe0-8b0b-d111d7560dd1', 'TB-5838', 'Quạt trần', '5bd71cda-209f-2ade-54d1-35c781481818', '1999-08-30 18:23:42', 'Garth Stahl', '2015-04-17 04:21:44', 'Lizabeth Kang'),
('6fd9cee5-30b5-5670-79ff-f8ad76748b41', 'TB-2646', 'Micro', '589edf01-198a-4ff5-958e-fb52fd75a1d4', '2023-05-18 22:32:35', 'pttam@gmail.com', '2023-05-18 22:32:35', 'pttam@gmail.com');

-- 
-- Dumping data for table subject
--
INSERT INTO subject VALUES
('2000637a-2a69-2e7e-a135-f98da3f197bd', 'NMTH', 'Nhập môn tin học', '2000637a-2a69-2e7e-a135-f63bd3f197bd', 3, 45, 'string', '2023-10-26 08:45:30', 'string', '2023-10-26 08:45:30'),
('43866363-9cd7-11ee-83c2-040e3cab354b', 'LTW', 'Lập trình Web', '2000637a-2a69-2e7e-a135-f63bd3f197bd', 3, 45, 'string', '2023-10-26 08:45:30', 'string', '2023-10-26 08:45:30'),
('5ec532af-9cd7-11ee-83c2-040e3cab354b', 'CSDL', 'Cở sở dữ liệu', '2000637a-2a69-2e7e-a135-f63bd3f197bd', 3, 45, 'string', '2023-10-26 08:45:30', 'string', '2023-10-26 08:45:30');

-- 
-- Dumping data for table student
--
INSERT INTO student VALUES
('a2ab0feb-9a89-11ee-b795-040e3cab354b', '19810310356', 'Bùi Đức Anh', '', '', '', '', '', '2000637a-2a69-2e7e-a135-f63bd3f197bd', '2023-12-14 21:04:02', '', '2023-12-14 21:04:02', '', 'a972d03d-7939-11ee-a859-040e3cab354b'),
('a5df306f-9cdc-11ee-83c2-040e3cab354b', '19810210356', 'Nguyễn Văn A', '', '', '', '', '', '2000637a-2a69-2e7e-a135-f63bd3f197bd', '2023-12-14 21:04:02', '', '2023-12-14 21:04:02', '', 'ef019da7-9cd9-11ee-83c2-040e3cab354b'),
('a5df9f8e-9cdc-11ee-83c2-040e3cab354b', '19810210355', 'Nguyễn Văn B', '', '', '0911067145', 'quangdiep957@gmail.com', '', '2000637a-2a69-2e7e-a135-f63bd3f197bd', '2023-12-14 17:01:30', '', '2023-12-14 17:01:30', '', 'ef019da7-9cd9-11ee-83c2-040e3cab354b'),
('c0c4e064-9a67-11ee-b795-040e3cab354b', '19810310355', 'Bùi Quang Điệp', '', '', '0911067145', 'quangdiep957@gmail.com', '', '2000637a-2a69-2e7e-a135-f63bd3f197bd', '2023-12-14 17:01:30', '', '2023-12-14 17:01:30', '', 'a972d03d-7939-11ee-a859-040e3cab354b');

-- 
-- Dumping data for table bookingroom
--
INSERT INTO bookingroom VALUES
('049fd3dc-9429-4a75-877a-37ff22ba8fba', '7d8de15e-18ba-467b-9cac-edf92a1353ac', 'ccccb67b-0d56-4929-83ef-ea26b92e9922', NULL, '2023-11-15', 2, 'đặt thử theo tháng', NULL, '', '2023-11-15 09:30:34', 'bqdiep@gmail.com', '2023-11-15 09:30:34', 'bqdiep@gmail.com', 'bc4a8825-7312-11ee-87d3-7c1e5206008b', '', '2023-12-15 00:00:00', '2023-12-15 00:00:00', '', 12, NULL, NULL, '00000000-0000-0000-0000-000000000000', NULL, NULL, NULL),
('06eda6c2-24fe-4590-a580-313a082229a1', '7d8de15e-18ba-467b-9cac-edf92a1353ac', '9bb1c410-ccb9-11ed-8def-f8b46ac25bb6', NULL, '2023-11-15', 4, 'đặt thử theo tháng', NULL, '', '2023-11-15 09:24:13', 'bqdiep@gmail.com', '2023-11-15 09:24:13', 'bqdiep@gmail.com', 'bc4a7bdb-7312-11ee-87d3-7c1e5206008b,bc4a8133-7312-11ee-87d3-7c1e5206008b', '', '2023-11-15 00:00:00', '2023-11-15 00:00:00', '', 12, '00000000-0000-0000-0000-000000000000', NULL, '00000000-0000-0000-0000-000000000000', NULL, NULL, NULL),
('09788243-a82f-46ce-97f0-28dad4342ac9', '7d8de15e-18ba-467b-9cac-edf92a1353ac', 'b7c7bf6f-ccb9-11ed-8def-f8b46ac25bb6', NULL, '2023-11-14', 2, 'đặt phòng ', NULL, '', '2023-11-14 09:52:32', 'bqdiep@gmail.com', '2023-11-14 09:52:32', 'bqdiep@gmail.com', 'bc4a7bdb-7312-11ee-87d3-7c1e5206008b,bc4a8133-7312-11ee-87d3-7c1e5206008b', '', '2023-11-14 00:00:00', '2023-11-14 00:00:00', '', 12, NULL, NULL, '00000000-0000-0000-0000-000000000000', NULL, NULL, NULL),
('0e5a2f52-365a-4451-8c77-e96df88a86a4', '7d8de15e-18ba-467b-9cac-edf92a1353ac', 'a880cb05-ccb9-11ed-8def-f8b46ac25bb6', NULL, '2023-11-14', 2, 'đặt thử nhiều tuần', NULL, '', '2023-11-14 09:47:07', 'bqdiep@gmail.com', '2023-11-14 09:47:07', 'bqdiep@gmail.com', 'bc4a7bdb-7312-11ee-87d3-7c1e5206008b,bc4a8133-7312-11ee-87d3-7c1e5206008b', '', '2023-11-21 00:00:00', '2023-11-21 00:00:00', '', 12, NULL, NULL, '00000000-0000-0000-0000-000000000000', NULL, NULL, NULL),
('10dc2c48-68a8-40b5-a8d6-c327c26a2cb6', '7d8de15e-18ba-467b-9cac-edf92a1353ac', 'ccccb67b-0d56-4929-83ef-ea26b92e9922', NULL, '2023-11-15', 4, 'đặt thử theo tháng', NULL, '', '2023-11-15 09:29:01', 'bqdiep@gmail.com', '2023-11-15 09:29:01', 'bqdiep@gmail.com', 'bc4a7bdb-7312-11ee-87d3-7c1e5206008b,bc4a8133-7312-11ee-87d3-7c1e5206008b', '', '2023-11-15 00:00:00', '2023-11-15 00:00:00', '', 12, '00000000-0000-0000-0000-000000000000', NULL, '00000000-0000-0000-0000-000000000000', NULL, NULL, NULL),
('12c685e3-bbdf-4119-919c-f1abe872ce11', '7d8de15e-18ba-467b-9cac-edf92a1353ac', '9bb1c410-ccb9-11ed-8def-f8b46ac25bb6', NULL, '2023-12-17', 2, 'điểm danh khuôn mặt', NULL, '', '2023-12-17 14:24:07', 'bqdiep@gmail.com', '2023-12-17 14:24:07', 'bqdiep@gmail.com', 'bc4a7bdb-7312-11ee-87d3-7c1e5206008b,bc4a8133-7312-11ee-87d3-7c1e5206008b,bc4a8278-7312-11ee-87d3-7c1e5206008b', '', '2023-12-17 00:00:00', '2023-12-17 00:00:00', '', 20, NULL, NULL, '00000000-0000-0000-0000-000000000000', NULL, '2000637a-2a69-2e7e-a135-f98da3f197bd', 'a972d03d-7939-11ee-a859-040e3cab354b'),
('1396c1c4-24cd-4298-83e3-eddb147d3177', '7d8de15e-18ba-467b-9cac-edf92a1353ac', '9bb1c410-ccb9-11ed-8def-f8b46ac25bb6', NULL, '2023-11-14', 4, 'đặt theo tháng', NULL, '', '2023-11-14 10:06:31', 'bqdiep@gmail.com', '2023-11-14 10:06:31', 'bqdiep@gmail.com', 'bc4a7bdb-7312-11ee-87d3-7c1e5206008b,bc4a8133-7312-11ee-87d3-7c1e5206008b', '', '2023-11-15 00:00:00', '2023-11-15 00:00:00', '', 12, '00000000-0000-0000-0000-000000000000', NULL, '00000000-0000-0000-0000-000000000000', NULL, NULL, NULL),
('18b6f62c-4772-4626-9f07-49af946065d1', '7d8de15e-18ba-467b-9cac-edf92a1353ac', '9bb1c410-ccb9-11ed-8def-f8b46ac25bb6', NULL, '2023-11-15', 4, 'đặt thử theo tháng', NULL, '', '2023-11-15 09:24:13', 'bqdiep@gmail.com', '2023-11-15 09:24:13', 'bqdiep@gmail.com', 'bc4a7bdb-7312-11ee-87d3-7c1e5206008b,bc4a8133-7312-11ee-87d3-7c1e5206008b', '', '2023-11-15 00:00:00', '2023-11-15 00:00:00', '', 12, '00000000-0000-0000-0000-000000000000', NULL, '00000000-0000-0000-0000-000000000000', NULL, NULL, NULL),
('1d5b5585-9255-41d8-afc3-7d53ff511f96', '7d8de15e-18ba-467b-9cac-edf92a1353ac', 'a880cb05-ccb9-11ed-8def-f8b46ac25bb6', NULL, '2023-11-14', 2, 'đặt thử nhiều tuần', NULL, '', '2023-11-14 09:47:07', 'bqdiep@gmail.com', '2023-11-14 09:47:07', 'bqdiep@gmail.com', 'bc4a7bdb-7312-11ee-87d3-7c1e5206008b,bc4a8133-7312-11ee-87d3-7c1e5206008b', '', '2023-11-14 00:00:00', '2023-11-14 00:00:00', '', 12, NULL, NULL, '00000000-0000-0000-0000-000000000000', NULL, NULL, NULL),
('246d6fdb-9f7b-4ab7-9258-3bca9d61c800', '7d8de15e-18ba-467b-9cac-edf92a1353ac', 'ccccb67b-0d56-4929-83ef-ea26b92e9922', NULL, '2023-11-15', 2, 'đặt thử theo tháng lần 2', NULL, '', '2023-11-15 09:33:33', 'bqdiep@gmail.com', '2023-11-15 09:33:33', 'bqdiep@gmail.com', 'bc4a7bdb-7312-11ee-87d3-7c1e5206008b,bc4a8133-7312-11ee-87d3-7c1e5206008b,bc4a8278-7312-11ee-87d3-7c1e5206008b', '', '2023-11-15 00:00:00', '2023-11-15 00:00:00', '', 12, NULL, NULL, '00000000-0000-0000-0000-000000000000', NULL, NULL, NULL),
('324c77d7-e839-4d8d-a526-93b273234332', '7d8de15e-18ba-467b-9cac-edf92a1353ac', '9bb1c410-ccb9-11ed-8def-f8b46ac25bb6', NULL, '2023-11-14', 4, 'đặt theo tháng', NULL, '', '2023-11-14 10:08:37', 'bqdiep@gmail.com', '2023-11-14 10:08:37', 'bqdiep@gmail.com', 'bc4a7bdb-7312-11ee-87d3-7c1e5206008b,bc4a8133-7312-11ee-87d3-7c1e5206008b', '', '2023-11-15 00:00:00', '2023-11-15 00:00:00', '', 12, '00000000-0000-0000-0000-000000000000', NULL, '00000000-0000-0000-0000-000000000000', NULL, NULL, NULL),
('3262d079-26ad-42d2-a041-77771178c41c', '7d8de15e-18ba-467b-9cac-edf92a1353ac', '9bb1c410-ccb9-11ed-8def-f8b46ac25bb6', NULL, '2023-12-14', 2, 'tin học', NULL, '', '2023-12-14 19:06:49', 'bqdiep@gmail.com', '2023-12-14 19:06:49', 'bqdiep@gmail.com', 'bc4a7bdb-7312-11ee-87d3-7c1e5206008b,bc4a8133-7312-11ee-87d3-7c1e5206008b', '', '2023-12-14 00:00:00', '2023-12-14 00:00:00', '', 12, NULL, NULL, '00000000-0000-0000-0000-000000000000', NULL, NULL, NULL),
('39a578f7-5157-4b3d-b9dc-0ee00b9b4991', '7d8de15e-18ba-467b-9cac-edf92a1353ac', 'a880cb05-ccb9-11ed-8def-f8b46ac25bb6', NULL, '2023-12-14', 2, 'đặt thử', NULL, '', '2023-12-14 20:28:49', 'bqdiep@gmail.com', '2023-12-14 20:28:49', 'bqdiep@gmail.com', 'bc4a7bdb-7312-11ee-87d3-7c1e5206008b,bc4a8133-7312-11ee-87d3-7c1e5206008b', '', '2023-12-14 00:00:00', '2023-12-14 00:00:00', '', 12, NULL, NULL, '00000000-0000-0000-0000-000000000000', NULL, '2000637a-2a69-2e7e-a135-f98da3f197bd', 'a972d03d-7939-11ee-a859-040e3cab354b'),
('428d164d-3453-4f44-9a3a-373222602a46', '7d8de15e-18ba-467b-9cac-edf92a1353ac', '9bb1c410-ccb9-11ed-8def-f8b46ac25bb6', NULL, '2023-11-13', 4, 'Đặt thử multi', NULL, '', '2023-11-13 14:48:19', 'bqdiep@gmail.com', '2023-11-13 14:48:19', 'bqdiep@gmail.com', 'bc4a7bdb-7312-11ee-87d3-7c1e5206008b,bc4a8133-7312-11ee-87d3-7c1e5206008b', '', '2023-11-14 00:00:00', '2023-11-14 00:00:00', '', 12, '00000000-0000-0000-0000-000000000000', NULL, '00000000-0000-0000-0000-000000000000', NULL, NULL, NULL),
('47859d7a-1126-4d69-b350-2a3c0f4583e9', '7d8de15e-18ba-467b-9cac-edf92a1353ac', 'b7c7bf6f-ccb9-11ed-8def-f8b46ac25bb6', NULL, '2023-11-14', 2, 'đặt phòng ', NULL, '', '2023-11-14 09:52:32', 'bqdiep@gmail.com', '2023-11-14 09:52:32', 'bqdiep@gmail.com', 'bc4a7bdb-7312-11ee-87d3-7c1e5206008b,bc4a8133-7312-11ee-87d3-7c1e5206008b', '', '2023-11-21 00:00:00', '2023-11-21 00:00:00', '', 12, NULL, NULL, '00000000-0000-0000-0000-000000000000', NULL, NULL, NULL),
('4bf33d25-83cf-451e-bcbc-ec6844848c73', '7d8de15e-18ba-467b-9cac-edf92a1353ac', '9bb1c410-ccb9-11ed-8def-f8b46ac25bb6', NULL, '2023-11-13', 4, 'đặt thử', NULL, '', '2023-11-13 14:47:34', 'bqdiep@gmail.com', '2023-11-13 14:47:34', 'bqdiep@gmail.com', 'bc4a7bdb-7312-11ee-87d3-7c1e5206008b', '', '2023-11-14 00:00:00', '2023-11-14 00:00:00', '', 12, '00000000-0000-0000-0000-000000000000', NULL, '00000000-0000-0000-0000-000000000000', NULL, NULL, NULL),
('57626f6d-3092-484e-980d-fa55a9e379fc', '7d8de15e-18ba-467b-9cac-edf92a1353ac', 'ccccb67b-0d56-4929-83ef-ea26b92e9922', NULL, '2023-12-14', 2, 'đặt thử', NULL, '', '2023-12-14 20:25:18', 'bqdiep@gmail.com', '2023-12-14 20:25:18', 'bqdiep@gmail.com', 'bc4a7bdb-7312-11ee-87d3-7c1e5206008b,bc4a8133-7312-11ee-87d3-7c1e5206008b', '', '2023-12-14 00:00:00', '2023-12-14 00:00:00', '', 12, NULL, NULL, '00000000-0000-0000-0000-000000000000', NULL, NULL, NULL),
('584fae9f-5950-43e7-8bc1-f96f06545869', '7d8de15e-18ba-467b-9cac-edf92a1353ac', 'b7c7bf6f-ccb9-11ed-8def-f8b46ac25bb6', NULL, '2023-11-14', 4, 'đặt thử theo tuần', NULL, '', '2023-11-14 09:50:01', 'bqdiep@gmail.com', '2023-11-14 09:50:01', 'bqdiep@gmail.com', 'bc4a7bdb-7312-11ee-87d3-7c1e5206008b,bc4a8133-7312-11ee-87d3-7c1e5206008b', '', '2023-11-07 00:00:00', '2023-11-07 00:00:00', '', 12, '00000000-0000-0000-0000-000000000000', NULL, '00000000-0000-0000-0000-000000000000', NULL, NULL, NULL),
('592f7036-a2c6-43fc-8405-0c50e8f0bfea', '7d8de15e-18ba-467b-9cac-edf92a1353ac', '9bb1c410-ccb9-11ed-8def-f8b46ac25bb6', NULL, '2023-11-14', 2, 'Đặt thử nhiều lịch', NULL, '', '2023-11-14 09:36:16', 'bqdiep@gmail.com', '2023-11-14 09:36:16', 'bqdiep@gmail.com', 'bc4a7bdb-7312-11ee-87d3-7c1e5206008b,bc4a8133-7312-11ee-87d3-7c1e5206008b', '', '2023-11-14 00:00:00', '2023-11-14 00:00:00', '', 12, NULL, NULL, '00000000-0000-0000-0000-000000000000', NULL, NULL, NULL),
('5b5f95af-9270-4fb9-b030-7c35a88c7767', '7d8de15e-18ba-467b-9cac-edf92a1353ac', 'a880cb05-ccb9-11ed-8def-f8b46ac25bb6', NULL, '2023-12-17', 2, 'đặt thử', NULL, '', '2023-12-17 19:57:39', 'bqdiep@gmail.com', '2023-12-17 19:57:39', 'bqdiep@gmail.com', 'bc4a88c0-7312-11ee-87d3-7c1e5206008b,bc4a8969-7312-11ee-87d3-7c1e5206008b', '', '2023-12-17 00:00:00', '2023-12-17 00:00:00', '', 12, NULL, NULL, '00000000-0000-0000-0000-000000000000', NULL, '2000637a-2a69-2e7e-a135-f98da3f197bd', 'ef019da7-9cd9-11ee-83c2-040e3cab354b'),
('62c2575b-979a-422c-9526-ec9103071352', '7d8de15e-18ba-467b-9cac-edf92a1353ac', '9bb1c410-ccb9-11ed-8def-f8b46ac25bb6', NULL, '2023-12-16', 4, 'đặt thử ngày hôm nay', NULL, '', '2023-12-16 09:31:18', 'bqdiep@gmail.com', '2023-12-16 09:31:18', 'bqdiep@gmail.com', 'bc4a7bdb-7312-11ee-87d3-7c1e5206008b,bc4a8133-7312-11ee-87d3-7c1e5206008b', '', '2023-12-16 00:00:00', '2023-12-16 00:00:00', '', 12, '00000000-0000-0000-0000-000000000000', NULL, '00000000-0000-0000-0000-000000000000', NULL, NULL, NULL),
('6c12015a-0671-4744-a136-f4f07b3c494b', '7d8de15e-18ba-467b-9cac-edf92a1353ac', '9bb1c410-ccb9-11ed-8def-f8b46ac25bb6', NULL, '2023-11-13', 2, 'đặt thử 13_11', NULL, 'a', '2023-11-13 14:22:15', 'bqdiep@gmail.com', '2023-11-13 14:22:15', 'bqdiep@gmail.com', 'bc4a7bdb-7312-11ee-87d3-7c1e5206008b,bc4a8133-7312-11ee-87d3-7c1e5206008b,bc4a8278-7312-11ee-87d3-7c1e5206008b', '', '2023-11-13 00:00:00', '2023-11-13 00:00:00', '', 12, NULL, NULL, '00000000-0000-0000-0000-000000000000', NULL, NULL, NULL),
('6f0c6280-b2f7-4e54-9ae4-193d40b199b1', '7d8de15e-18ba-467b-9cac-edf92a1353ac', 'ccccb67b-0d56-4929-83ef-ea26b92e9922', NULL, '2023-11-15', 4, 'đặt thử theo tháng', NULL, '', '2023-11-15 09:27:43', 'bqdiep@gmail.com', '2023-11-15 09:27:43', 'bqdiep@gmail.com', 'bc4a7bdb-7312-11ee-87d3-7c1e5206008b,bc4a8133-7312-11ee-87d3-7c1e5206008b', '', '2023-11-15 00:00:00', '2023-11-15 00:00:00', '', 12, '00000000-0000-0000-0000-000000000000', NULL, '00000000-0000-0000-0000-000000000000', NULL, NULL, NULL),
('728c2278-a3bd-4a84-b359-d29b3df328e7', '7d8de15e-18ba-467b-9cac-edf92a1353ac', 'a880cb05-ccb9-11ed-8def-f8b46ac25bb6', NULL, '2023-12-14', 4, 'đặt thử', NULL, '', '2023-12-14 20:27:17', 'bqdiep@gmail.com', '2023-12-14 20:27:17', 'bqdiep@gmail.com', 'bc4a7bdb-7312-11ee-87d3-7c1e5206008b,bc4a8133-7312-11ee-87d3-7c1e5206008b', '', '2023-12-14 00:00:00', '2023-12-14 00:00:00', '', 12, '00000000-0000-0000-0000-000000000000', NULL, '00000000-0000-0000-0000-000000000000', NULL, NULL, NULL),
('75fb110a-4027-45f3-92a0-8155ee7a0f81', '7d8de15e-18ba-467b-9cac-edf92a1353ac', '9bb1c410-ccb9-11ed-8def-f8b46ac25bb6', NULL, '2023-11-13', 4, 'đặt', NULL, '', '2023-11-13 15:15:20', 'bqdiep@gmail.com', '2023-11-13 15:15:20', 'bqdiep@gmail.com', 'bc4a7bdb-7312-11ee-87d3-7c1e5206008b,bc4a8133-7312-11ee-87d3-7c1e5206008b', '', '2023-11-14 00:00:00', '2023-11-14 00:00:00', '', 23, '00000000-0000-0000-0000-000000000000', NULL, '00000000-0000-0000-0000-000000000000', NULL, NULL, NULL),
('78d96a9f-7fe6-4832-9ea7-2533061d1e03', '7d8de15e-18ba-467b-9cac-edf92a1353ac', '9bb1c410-ccb9-11ed-8def-f8b46ac25bb6', NULL, '2023-12-17', 2, 'đặt thử lần 3', NULL, '', '2023-12-17 16:03:44', 'bqdiep@gmail.com', '2023-12-17 16:03:44', 'bqdiep@gmail.com', 'bc4a86f3-7312-11ee-87d3-7c1e5206008b,bc4a8789-7312-11ee-87d3-7c1e5206008b', '', '2023-12-17 00:00:00', '2023-12-17 00:00:00', '', 12, NULL, NULL, '00000000-0000-0000-0000-000000000000', NULL, '2000637a-2a69-2e7e-a135-f98da3f197bd', 'a972d03d-7939-11ee-a859-040e3cab354b'),
('7ab3677b-47ba-402a-a989-284dec6927d4', '7d8de15e-18ba-467b-9cac-edf92a1353ac', '9bb1c410-ccb9-11ed-8def-f8b46ac25bb6', NULL, '2023-11-13', 4, 'đặt thử', NULL, '', '2023-11-13 15:35:00', 'bqdiep@gmail.com', '2023-11-13 15:35:00', 'bqdiep@gmail.com', 'bc4a8133-7312-11ee-87d3-7c1e5206008b,bc4a86f3-7312-11ee-87d3-7c1e5206008b', '', '2023-11-14 00:00:00', '2023-11-14 00:00:00', '', 12, '00000000-0000-0000-0000-000000000000', NULL, '00000000-0000-0000-0000-000000000000', NULL, NULL, NULL),
('80564106-68d3-4c59-8ff8-a259e8765cfd', '7d8de15e-18ba-467b-9cac-edf92a1353ac', '9bb1c410-ccb9-11ed-8def-f8b46ac25bb6', NULL, '2023-12-16', 2, 'đặt thử 16', NULL, '', '2023-12-16 09:32:13', 'bqdiep@gmail.com', '2023-12-16 09:32:13', 'bqdiep@gmail.com', 'bc4a7bdb-7312-11ee-87d3-7c1e5206008b,bc4a8133-7312-11ee-87d3-7c1e5206008b', '', '2023-12-16 00:00:00', '2023-12-16 00:00:00', '', 12, NULL, NULL, '00000000-0000-0000-0000-000000000000', NULL, '2000637a-2a69-2e7e-a135-f98da3f197bd', 'a972d03d-7939-11ee-a859-040e3cab354b'),
('8df29cb4-ae62-412f-b505-65605c7710bb', '7d8de15e-18ba-467b-9cac-edf92a1353ac', '9bb1c410-ccb9-11ed-8def-f8b46ac25bb6', NULL, '2023-11-15', 2, 'đặt thử theo tháng', NULL, '', '2023-11-15 09:26:03', 'bqdiep@gmail.com', '2023-11-15 09:26:03', 'bqdiep@gmail.com', 'bc4a7bdb-7312-11ee-87d3-7c1e5206008b,bc4a8133-7312-11ee-87d3-7c1e5206008b', '', '2023-11-15 00:00:00', '2023-11-15 00:00:00', '', 12, NULL, NULL, '00000000-0000-0000-0000-000000000000', NULL, NULL, NULL),
('92512c55-91fb-4043-bead-16a2e7794734', '7d8de15e-18ba-467b-9cac-edf92a1353ac', '9bb1c410-ccb9-11ed-8def-f8b46ac25bb6', NULL, '2023-12-17', 2, 'đặt thử trùng ngày', NULL, '', '2023-12-17 16:01:42', 'bqdiep@gmail.com', '2023-12-17 16:01:42', 'bqdiep@gmail.com', 'bc4a846b-7312-11ee-87d3-7c1e5206008b,bc4a850d-7312-11ee-87d3-7c1e5206008b,bc4a85cc-7312-11ee-87d3-7c1e5206008b', '', '2023-12-17 00:00:00', '2023-12-17 00:00:00', '', 12, NULL, NULL, '00000000-0000-0000-0000-000000000000', NULL, '2000637a-2a69-2e7e-a135-f98da3f197bd', 'a972d03d-7939-11ee-a859-040e3cab354b'),
('94121c88-2038-4ce4-a2c8-00ebe14d8e96', '7d8de15e-18ba-467b-9cac-edf92a1353ac', 'ccccb67b-0d56-4929-83ef-ea26b92e9922', NULL, '2023-11-15', 2, 'đặt thử theo tháng lần 2', NULL, '', '2023-11-15 09:33:33', 'bqdiep@gmail.com', '2023-11-15 09:33:33', 'bqdiep@gmail.com', 'bc4a7bdb-7312-11ee-87d3-7c1e5206008b,bc4a8133-7312-11ee-87d3-7c1e5206008b,bc4a8278-7312-11ee-87d3-7c1e5206008b', '', '2023-12-15 00:00:00', '2023-12-15 00:00:00', '', 12, NULL, NULL, '00000000-0000-0000-0000-000000000000', NULL, NULL, NULL),
('a1c8b5c0-a8c7-452a-9ea8-56fb3e52d3d8', '7d8de15e-18ba-467b-9cac-edf92a1353ac', '9bb1c410-ccb9-11ed-8def-f8b46ac25bb6', NULL, '2023-12-14', 2, 'đặt thử nhập môn', NULL, '', '2023-12-14 20:24:28', 'bqdiep@gmail.com', '2023-12-14 20:24:28', 'bqdiep@gmail.com', 'bc4a831b-7312-11ee-87d3-7c1e5206008b', '', '2023-12-14 00:00:00', '2023-12-14 00:00:00', '', 12, NULL, NULL, '00000000-0000-0000-0000-000000000000', NULL, NULL, NULL),
('a348a885-ade8-4a9c-ac2e-f9ad9d4741cf', '7d8de15e-18ba-467b-9cac-edf92a1353ac', '9bb1c410-ccb9-11ed-8def-f8b46ac25bb6', NULL, '2023-11-15', 4, 'đặt thử theo tháng', NULL, '', '2023-11-15 09:22:38', 'bqdiep@gmail.com', '2023-11-15 09:22:38', 'bqdiep@gmail.com', 'bc4a7bdb-7312-11ee-87d3-7c1e5206008b,bc4a8133-7312-11ee-87d3-7c1e5206008b', '', '2023-11-15 00:00:00', '2023-11-15 00:00:00', '', 12, '00000000-0000-0000-0000-000000000000', NULL, '00000000-0000-0000-0000-000000000000', NULL, NULL, NULL),
('a47293fa-d57c-4531-967d-e469883589d6', '7d8de15e-18ba-467b-9cac-edf92a1353ac', '9bb1c410-ccb9-11ed-8def-f8b46ac25bb6', NULL, '2023-11-13', 4, 'đặt thử', NULL, '', '2023-11-13 15:24:57', 'bqdiep@gmail.com', '2023-11-13 15:24:57', 'bqdiep@gmail.com', 'bc4a7bdb-7312-11ee-87d3-7c1e5206008b,bc4a8133-7312-11ee-87d3-7c1e5206008b', '', '2023-11-14 00:00:00', '2023-11-14 00:00:00', '', 12, '00000000-0000-0000-0000-000000000000', NULL, '00000000-0000-0000-0000-000000000000', NULL, NULL, NULL),
('b5fa962e-3f0c-4548-9747-44b1dff76c82', '7d8de15e-18ba-467b-9cac-edf92a1353ac', '9bb1c410-ccb9-11ed-8def-f8b46ac25bb6', NULL, '2023-11-14', 4, 'đặt theo tháng', NULL, '', '2023-11-14 10:08:37', 'bqdiep@gmail.com', '2023-11-14 10:08:37', 'bqdiep@gmail.com', 'bc4a7bdb-7312-11ee-87d3-7c1e5206008b,bc4a8133-7312-11ee-87d3-7c1e5206008b', '', '2023-11-15 00:00:00', '2023-11-15 00:00:00', '', 12, '00000000-0000-0000-0000-000000000000', NULL, '00000000-0000-0000-0000-000000000000', NULL, NULL, NULL),
('bd390268-c23b-423c-a556-09c9832eda52', '7d8de15e-18ba-467b-9cac-edf92a1353ac', 'a880cb05-ccb9-11ed-8def-f8b46ac25bb6', NULL, '2023-12-14', 4, 'đặt thử', NULL, '', '2023-12-14 20:28:16', 'bqdiep@gmail.com', '2023-12-14 20:28:16', 'bqdiep@gmail.com', 'bc4a7bdb-7312-11ee-87d3-7c1e5206008b,bc4a8133-7312-11ee-87d3-7c1e5206008b', '', '2023-12-14 00:00:00', '2023-12-14 00:00:00', '', 12, '00000000-0000-0000-0000-000000000000', NULL, '00000000-0000-0000-0000-000000000000', NULL, '2000637a-2a69-2e7e-a135-f98da3f197bd', 'a972d03d-7939-11ee-a859-040e3cab354b'),
('dc92ab8b-36e8-4e27-bef2-723849c820d8', '7d8de15e-18ba-467b-9cac-edf92a1353ac', 'ccccb67b-0d56-4929-83ef-ea26b92e9922', NULL, '2023-12-17', 2, 'đặt phòng triết học', NULL, '', '2023-12-17 19:27:27', 'bqdiep@gmail.com', '2023-12-17 19:27:27', 'bqdiep@gmail.com', 'bc4a88c0-7312-11ee-87d3-7c1e5206008b,bc4a8969-7312-11ee-87d3-7c1e5206008b', '', '2023-12-17 00:00:00', '2023-12-17 00:00:00', '', 12, NULL, NULL, '00000000-0000-0000-0000-000000000000', NULL, '2000637a-2a69-2e7e-a135-f98da3f197bd', 'a972d03d-7939-11ee-a859-040e3cab354b'),
('e7dec895-d86e-4f22-9bf7-e7f0a4af8645', '7d8de15e-18ba-467b-9cac-edf92a1353ac', '9bb1c410-ccb9-11ed-8def-f8b46ac25bb6', NULL, '2023-11-15', 4, 'đặt thử theo tháng', NULL, '', '2023-11-15 09:22:38', 'bqdiep@gmail.com', '2023-11-15 09:22:38', 'bqdiep@gmail.com', 'bc4a7bdb-7312-11ee-87d3-7c1e5206008b,bc4a8133-7312-11ee-87d3-7c1e5206008b', '', '2023-11-15 00:00:00', '2023-11-15 00:00:00', '', 12, '00000000-0000-0000-0000-000000000000', NULL, '00000000-0000-0000-0000-000000000000', NULL, NULL, NULL),
('e911b51f-800a-4749-829b-c89a08bdf387', '7d8de15e-18ba-467b-9cac-edf92a1353ac', 'b7c7bf6f-ccb9-11ed-8def-f8b46ac25bb6', NULL, '2023-11-14', 2, 'đặt phòng ', NULL, '', '2023-11-14 09:52:32', 'bqdiep@gmail.com', '2023-11-14 09:52:32', 'bqdiep@gmail.com', 'bc4a7bdb-7312-11ee-87d3-7c1e5206008b,bc4a8133-7312-11ee-87d3-7c1e5206008b', '', '2023-11-28 00:00:00', '2023-11-28 00:00:00', '', 12, NULL, NULL, '00000000-0000-0000-0000-000000000000', NULL, NULL, NULL),
('eb8774fc-9c06-406a-a314-16390f4cafa1', '7d8de15e-18ba-467b-9cac-edf92a1353ac', '9bb1c410-ccb9-11ed-8def-f8b46ac25bb6', NULL, '2023-11-14', 4, 'đặt theo tháng', NULL, '', '2023-11-14 10:06:31', 'bqdiep@gmail.com', '2023-11-14 10:06:31', 'bqdiep@gmail.com', 'bc4a7bdb-7312-11ee-87d3-7c1e5206008b,bc4a8133-7312-11ee-87d3-7c1e5206008b', '', '2023-11-15 00:00:00', '2023-11-15 00:00:00', '', 12, '00000000-0000-0000-0000-000000000000', NULL, '00000000-0000-0000-0000-000000000000', NULL, NULL, NULL),
('edab07fd-83c6-40ca-b161-3f95e1449d99', '7d8de15e-18ba-467b-9cac-edf92a1353ac', 'a880cb05-ccb9-11ed-8def-f8b46ac25bb6', NULL, '2023-12-15', 2, 'Nhập môn tin học', NULL, '', '2023-12-15 16:37:02', 'bqdiep@gmail.com', '2023-12-15 16:37:02', 'bqdiep@gmail.com', 'bc4a7bdb-7312-11ee-87d3-7c1e5206008b,bc4a8133-7312-11ee-87d3-7c1e5206008b', '', '2023-12-15 00:00:00', '2023-12-15 00:00:00', '', 12, NULL, NULL, '00000000-0000-0000-0000-000000000000', NULL, '2000637a-2a69-2e7e-a135-f98da3f197bd', 'a972d03d-7939-11ee-a859-040e3cab354b'),
('f02da591-2d9d-4cc3-8d2a-3988be107bff', '7d8de15e-18ba-467b-9cac-edf92a1353ac', 'a880cb05-ccb9-11ed-8def-f8b46ac25bb6', NULL, '2023-11-14', 4, 'đặt thử nhiều tuần', NULL, '', '2023-11-14 09:47:07', 'bqdiep@gmail.com', '2023-11-14 09:47:07', 'bqdiep@gmail.com', 'bc4a7bdb-7312-11ee-87d3-7c1e5206008b,bc4a8133-7312-11ee-87d3-7c1e5206008b', '', '2023-11-07 00:00:00', '2023-11-07 00:00:00', '', 12, '00000000-0000-0000-0000-000000000000', NULL, '00000000-0000-0000-0000-000000000000', NULL, NULL, NULL),
('f28342e4-ea81-440c-b7f0-b1473410cea5', '7d8de15e-18ba-467b-9cac-edf92a1353ac', 'ccccb67b-0d56-4929-83ef-ea26b92e9922', NULL, '2023-11-15', 2, 'đặt thử theo tháng', NULL, '', '2023-11-15 09:30:34', 'bqdiep@gmail.com', '2023-11-15 09:30:34', 'bqdiep@gmail.com', 'bc4a8825-7312-11ee-87d3-7c1e5206008b', '', '2023-11-15 00:00:00', '2023-11-15 00:00:00', '', 12, NULL, NULL, '00000000-0000-0000-0000-000000000000', NULL, NULL, NULL),
('f6f7fb0f-960f-4051-8cd8-e8f8d7f78239', '7d8de15e-18ba-467b-9cac-edf92a1353ac', 'b7c7bf6f-ccb9-11ed-8def-f8b46ac25bb6', NULL, '2023-11-14', 4, 'đặt thử theo tuần', NULL, '', '2023-11-14 09:50:01', 'bqdiep@gmail.com', '2023-11-14 09:50:01', 'bqdiep@gmail.com', 'bc4a7bdb-7312-11ee-87d3-7c1e5206008b,bc4a8133-7312-11ee-87d3-7c1e5206008b', '', '2023-11-14 00:00:00', '2023-11-14 00:00:00', '', 12, '00000000-0000-0000-0000-000000000000', NULL, '00000000-0000-0000-0000-000000000000', NULL, NULL, NULL),
('f76df0e9-610a-48f8-a037-b069b5b3b297', '7d8de15e-18ba-467b-9cac-edf92a1353ac', 'ccccb67b-0d56-4929-83ef-ea26b92e9922', NULL, '2023-11-14', 2, 'đặt thử 2 tuần', NULL, '', '2023-11-14 09:37:31', 'bqdiep@gmail.com', '2023-11-14 09:37:31', 'bqdiep@gmail.com', 'bc4a7bdb-7312-11ee-87d3-7c1e5206008b,bc4a8133-7312-11ee-87d3-7c1e5206008b', '', '2023-11-14 00:00:00', '2023-11-14 00:00:00', '', 12, NULL, NULL, '00000000-0000-0000-0000-000000000000', NULL, NULL, NULL),
('f8f4c87e-94ee-4f42-a2dc-100920933e8f', '7d8de15e-18ba-467b-9cac-edf92a1353ac', 'a880cb05-ccb9-11ed-8def-f8b46ac25bb6', NULL, '2023-11-14', 2, 'đặt thử nhiều tuần', NULL, '', '2023-11-14 09:47:07', 'bqdiep@gmail.com', '2023-11-14 09:47:07', 'bqdiep@gmail.com', 'bc4a7bdb-7312-11ee-87d3-7c1e5206008b,bc4a8133-7312-11ee-87d3-7c1e5206008b', '', '2023-11-28 00:00:00', '2023-11-28 00:00:00', '', 12, NULL, NULL, '00000000-0000-0000-0000-000000000000', NULL, NULL, NULL),
('fb7a752a-7ca8-4ad4-87df-3705ec0a42e3', '7d8de15e-18ba-467b-9cac-edf92a1353ac', 'ccccb67b-0d56-4929-83ef-ea26b92e9922', NULL, '2023-11-06', 2, 'Đặt thử tiết', NULL, '', '2023-11-06 10:41:56', 'bqdiep@gmail.com', '2023-11-06 10:41:56', 'bqdiep@gmail.com', 'bc4a7bdb-7312-11ee-87d3-7c1e5206008b,bc4a8133-7312-11ee-87d3-7c1e5206008b', '', '2023-11-06 00:00:00', '2023-11-06 00:00:00', '', 12, NULL, NULL, '00000000-0000-0000-0000-000000000000', NULL, NULL, NULL);

-- 
-- Dumping data for table week
--
INSERT INTO week VALUES
('d6ecd4a7-2a9f-4a21-803d-fed12e421868', '29', '2023-03-05 00:00:00', '2023-02-27 00:00:00', 'Tuần 29', 'pttam@gmail.com', '2023-04-01 17:44:31', '2023-04-01 17:44:31', 'pttam@gmail.com');

-- 
-- Dumping data for table timebooking
--
INSERT INTO timebooking VALUES
('bc4a8825-7312-11ee-87d3-7c1e5206008b', '049fd3dc-9429-4a75-877a-37ff22ba8fba', 'bqdiep@gmail.com', '2023-11-15 09:30:34', '2023-11-15 09:30:34', 'bqdiep@gmail.com'),
('bc4a7bdb-7312-11ee-87d3-7c1e5206008b', '06eda6c2-24fe-4590-a580-313a082229a1', 'bqdiep@gmail.com', '2023-11-15 09:24:38', '2023-11-15 09:24:38', 'bqdiep@gmail.com'),
('bc4a8133-7312-11ee-87d3-7c1e5206008b', '06eda6c2-24fe-4590-a580-313a082229a1', 'bqdiep@gmail.com', '2023-11-15 09:24:38', '2023-11-15 09:24:38', 'bqdiep@gmail.com'),
('bc4a7bdb-7312-11ee-87d3-7c1e5206008b', '09788243-a82f-46ce-97f0-28dad4342ac9', 'bqdiep@gmail.com', '2023-11-14 09:52:32', '2023-11-14 09:52:32', 'bqdiep@gmail.com'),
('bc4a8133-7312-11ee-87d3-7c1e5206008b', '09788243-a82f-46ce-97f0-28dad4342ac9', 'bqdiep@gmail.com', '2023-11-14 09:52:32', '2023-11-14 09:52:32', 'bqdiep@gmail.com'),
('bc4a7bdb-7312-11ee-87d3-7c1e5206008b', '0e5a2f52-365a-4451-8c77-e96df88a86a4', 'bqdiep@gmail.com', '2023-11-14 09:47:07', '2023-11-14 09:47:07', 'bqdiep@gmail.com'),
('bc4a8133-7312-11ee-87d3-7c1e5206008b', '0e5a2f52-365a-4451-8c77-e96df88a86a4', 'bqdiep@gmail.com', '2023-11-14 09:47:07', '2023-11-14 09:47:07', 'bqdiep@gmail.com'),
('bc4a7bdb-7312-11ee-87d3-7c1e5206008b', '10dc2c48-68a8-40b5-a8d6-c327c26a2cb6', 'bqdiep@gmail.com', '2023-11-15 09:29:31', '2023-11-15 09:29:31', 'bqdiep@gmail.com'),
('bc4a8133-7312-11ee-87d3-7c1e5206008b', '10dc2c48-68a8-40b5-a8d6-c327c26a2cb6', 'bqdiep@gmail.com', '2023-11-15 09:29:31', '2023-11-15 09:29:31', 'bqdiep@gmail.com'),
('bc4a7bdb-7312-11ee-87d3-7c1e5206008b', '12c685e3-bbdf-4119-919c-f1abe872ce11', 'bqdiep@gmail.com', '2023-12-17 14:24:07', '2023-12-17 14:24:07', 'bqdiep@gmail.com'),
('bc4a8133-7312-11ee-87d3-7c1e5206008b', '12c685e3-bbdf-4119-919c-f1abe872ce11', 'bqdiep@gmail.com', '2023-12-17 14:24:07', '2023-12-17 14:24:07', 'bqdiep@gmail.com'),
('bc4a8278-7312-11ee-87d3-7c1e5206008b', '12c685e3-bbdf-4119-919c-f1abe872ce11', 'bqdiep@gmail.com', '2023-12-17 14:24:07', '2023-12-17 14:24:07', 'bqdiep@gmail.com'),
('bc4a7bdb-7312-11ee-87d3-7c1e5206008b', '1396c1c4-24cd-4298-83e3-eddb147d3177', 'bqdiep@gmail.com', '2023-11-14 10:06:41', '2023-11-14 10:06:41', 'bqdiep@gmail.com'),
('bc4a8133-7312-11ee-87d3-7c1e5206008b', '1396c1c4-24cd-4298-83e3-eddb147d3177', 'bqdiep@gmail.com', '2023-11-14 10:06:41', '2023-11-14 10:06:41', 'bqdiep@gmail.com'),
('bc4a7bdb-7312-11ee-87d3-7c1e5206008b', '18b6f62c-4772-4626-9f07-49af946065d1', 'bqdiep@gmail.com', '2023-11-15 09:24:38', '2023-11-15 09:24:38', 'bqdiep@gmail.com'),
('bc4a8133-7312-11ee-87d3-7c1e5206008b', '18b6f62c-4772-4626-9f07-49af946065d1', 'bqdiep@gmail.com', '2023-11-15 09:24:38', '2023-11-15 09:24:38', 'bqdiep@gmail.com'),
('bc4a7bdb-7312-11ee-87d3-7c1e5206008b', '1d5b5585-9255-41d8-afc3-7d53ff511f96', 'bqdiep@gmail.com', '2023-11-14 09:47:07', '2023-11-14 09:47:07', 'bqdiep@gmail.com'),
('bc4a8133-7312-11ee-87d3-7c1e5206008b', '1d5b5585-9255-41d8-afc3-7d53ff511f96', 'bqdiep@gmail.com', '2023-11-14 09:47:07', '2023-11-14 09:47:07', 'bqdiep@gmail.com'),
('bc4a7bdb-7312-11ee-87d3-7c1e5206008b', '246d6fdb-9f7b-4ab7-9258-3bca9d61c800', 'bqdiep@gmail.com', '2023-11-15 09:33:33', '2023-11-15 09:33:33', 'bqdiep@gmail.com'),
('bc4a8133-7312-11ee-87d3-7c1e5206008b', '246d6fdb-9f7b-4ab7-9258-3bca9d61c800', 'bqdiep@gmail.com', '2023-11-15 09:33:33', '2023-11-15 09:33:33', 'bqdiep@gmail.com'),
('bc4a8278-7312-11ee-87d3-7c1e5206008b', '246d6fdb-9f7b-4ab7-9258-3bca9d61c800', 'bqdiep@gmail.com', '2023-11-15 09:33:33', '2023-11-15 09:33:33', 'bqdiep@gmail.com'),
('bc4a7bdb-7312-11ee-87d3-7c1e5206008b', '324c77d7-e839-4d8d-a526-93b273234332', 'bqdiep@gmail.com', '2023-11-14 10:09:04', '2023-11-14 10:09:04', 'bqdiep@gmail.com'),
('bc4a8133-7312-11ee-87d3-7c1e5206008b', '324c77d7-e839-4d8d-a526-93b273234332', 'bqdiep@gmail.com', '2023-11-14 10:09:04', '2023-11-14 10:09:04', 'bqdiep@gmail.com'),
('bc4a7bdb-7312-11ee-87d3-7c1e5206008b', '3262d079-26ad-42d2-a041-77771178c41c', 'bqdiep@gmail.com', '2023-12-14 19:06:49', '2023-12-14 19:06:49', 'bqdiep@gmail.com'),
('bc4a8133-7312-11ee-87d3-7c1e5206008b', '3262d079-26ad-42d2-a041-77771178c41c', 'bqdiep@gmail.com', '2023-12-14 19:06:49', '2023-12-14 19:06:49', 'bqdiep@gmail.com'),
('bc4a7bdb-7312-11ee-87d3-7c1e5206008b', '39a578f7-5157-4b3d-b9dc-0ee00b9b4991', 'bqdiep@gmail.com', '2023-12-14 20:29:58', '2023-12-14 20:29:58', 'bqdiep@gmail.com'),
('bc4a8133-7312-11ee-87d3-7c1e5206008b', '39a578f7-5157-4b3d-b9dc-0ee00b9b4991', 'bqdiep@gmail.com', '2023-12-14 20:29:58', '2023-12-14 20:29:58', 'bqdiep@gmail.com'),
('bc4a7bdb-7312-11ee-87d3-7c1e5206008b', '428d164d-3453-4f44-9a3a-373222602a46', 'bqdiep@gmail.com', '2023-11-13 14:58:46', '2023-11-13 14:58:46', 'bqdiep@gmail.com'),
('bc4a8133-7312-11ee-87d3-7c1e5206008b', '428d164d-3453-4f44-9a3a-373222602a46', 'bqdiep@gmail.com', '2023-11-13 14:58:46', '2023-11-13 14:58:46', 'bqdiep@gmail.com'),
('bc4a7bdb-7312-11ee-87d3-7c1e5206008b', '47859d7a-1126-4d69-b350-2a3c0f4583e9', 'bqdiep@gmail.com', '2023-11-14 09:52:32', '2023-11-14 09:52:32', 'bqdiep@gmail.com'),
('bc4a8133-7312-11ee-87d3-7c1e5206008b', '47859d7a-1126-4d69-b350-2a3c0f4583e9', 'bqdiep@gmail.com', '2023-11-14 09:52:32', '2023-11-14 09:52:32', 'bqdiep@gmail.com'),
('bc4a7bdb-7312-11ee-87d3-7c1e5206008b', '4bf33d25-83cf-451e-bcbc-ec6844848c73', 'bqdiep@gmail.com', '2023-11-13 14:47:34', '2023-11-13 14:47:34', 'bqdiep@gmail.com'),
('bc4a7bdb-7312-11ee-87d3-7c1e5206008b', '57626f6d-3092-484e-980d-fa55a9e379fc', 'bqdiep@gmail.com', '2023-12-14 20:25:18', '2023-12-14 20:25:18', 'bqdiep@gmail.com'),
('bc4a8133-7312-11ee-87d3-7c1e5206008b', '57626f6d-3092-484e-980d-fa55a9e379fc', 'bqdiep@gmail.com', '2023-12-14 20:25:18', '2023-12-14 20:25:18', 'bqdiep@gmail.com'),
('bc4a7bdb-7312-11ee-87d3-7c1e5206008b', '584fae9f-5950-43e7-8bc1-f96f06545869', 'bqdiep@gmail.com', '2023-11-14 09:50:01', '2023-11-14 09:50:01', 'bqdiep@gmail.com'),
('bc4a8133-7312-11ee-87d3-7c1e5206008b', '584fae9f-5950-43e7-8bc1-f96f06545869', 'bqdiep@gmail.com', '2023-11-14 09:50:01', '2023-11-14 09:50:01', 'bqdiep@gmail.com'),
('bc4a7bdb-7312-11ee-87d3-7c1e5206008b', '592f7036-a2c6-43fc-8405-0c50e8f0bfea', 'bqdiep@gmail.com', '2023-11-14 09:36:17', '2023-11-14 09:36:17', 'bqdiep@gmail.com'),
('bc4a8133-7312-11ee-87d3-7c1e5206008b', '592f7036-a2c6-43fc-8405-0c50e8f0bfea', 'bqdiep@gmail.com', '2023-11-14 09:36:17', '2023-11-14 09:36:17', 'bqdiep@gmail.com'),
('bc4a88c0-7312-11ee-87d3-7c1e5206008b', '5b5f95af-9270-4fb9-b030-7c35a88c7767', 'bqdiep@gmail.com', '2023-12-17 19:57:39', '2023-12-17 19:57:39', 'bqdiep@gmail.com'),
('bc4a8969-7312-11ee-87d3-7c1e5206008b', '5b5f95af-9270-4fb9-b030-7c35a88c7767', 'bqdiep@gmail.com', '2023-12-17 19:57:39', '2023-12-17 19:57:39', 'bqdiep@gmail.com'),
('bc4a7bdb-7312-11ee-87d3-7c1e5206008b', '62c2575b-979a-422c-9526-ec9103071352', 'bqdiep@gmail.com', '2023-12-16 09:31:24', '2023-12-16 09:31:24', 'bqdiep@gmail.com'),
('bc4a8133-7312-11ee-87d3-7c1e5206008b', '62c2575b-979a-422c-9526-ec9103071352', 'bqdiep@gmail.com', '2023-12-16 09:31:24', '2023-12-16 09:31:24', 'bqdiep@gmail.com'),
('bc4a7bdb-7312-11ee-87d3-7c1e5206008b', '6c12015a-0671-4744-a136-f4f07b3c494b', 'bqdiep@gmail.com', '2023-11-13 14:22:15', '2023-11-13 14:22:15', 'bqdiep@gmail.com'),
('bc4a8133-7312-11ee-87d3-7c1e5206008b', '6c12015a-0671-4744-a136-f4f07b3c494b', 'bqdiep@gmail.com', '2023-11-13 14:22:15', '2023-11-13 14:22:15', 'bqdiep@gmail.com'),
('bc4a8278-7312-11ee-87d3-7c1e5206008b', '6c12015a-0671-4744-a136-f4f07b3c494b', 'bqdiep@gmail.com', '2023-11-13 14:22:15', '2023-11-13 14:22:15', 'bqdiep@gmail.com'),
('bc4a7bdb-7312-11ee-87d3-7c1e5206008b', '6f0c6280-b2f7-4e54-9ae4-193d40b199b1', 'bqdiep@gmail.com', '2023-11-15 09:28:38', '2023-11-15 09:28:38', 'bqdiep@gmail.com'),
('bc4a8133-7312-11ee-87d3-7c1e5206008b', '6f0c6280-b2f7-4e54-9ae4-193d40b199b1', 'bqdiep@gmail.com', '2023-11-15 09:28:38', '2023-11-15 09:28:38', 'bqdiep@gmail.com'),
('bc4a7bdb-7312-11ee-87d3-7c1e5206008b', '728c2278-a3bd-4a84-b359-d29b3df328e7', 'bqdiep@gmail.com', '2023-12-14 20:27:32', '2023-12-14 20:27:32', 'bqdiep@gmail.com'),
('bc4a8133-7312-11ee-87d3-7c1e5206008b', '728c2278-a3bd-4a84-b359-d29b3df328e7', 'bqdiep@gmail.com', '2023-12-14 20:27:32', '2023-12-14 20:27:32', 'bqdiep@gmail.com'),
('bc4a7bdb-7312-11ee-87d3-7c1e5206008b', '75fb110a-4027-45f3-92a0-8155ee7a0f81', 'bqdiep@gmail.com', '2023-11-13 15:16:30', '2023-11-13 15:16:30', 'bqdiep@gmail.com'),
('bc4a8133-7312-11ee-87d3-7c1e5206008b', '75fb110a-4027-45f3-92a0-8155ee7a0f81', 'bqdiep@gmail.com', '2023-11-13 15:16:30', '2023-11-13 15:16:30', 'bqdiep@gmail.com'),
('bc4a86f3-7312-11ee-87d3-7c1e5206008b', '78d96a9f-7fe6-4832-9ea7-2533061d1e03', 'bqdiep@gmail.com', '2023-12-17 16:03:47', '2023-12-17 16:03:47', 'bqdiep@gmail.com'),
('bc4a8789-7312-11ee-87d3-7c1e5206008b', '78d96a9f-7fe6-4832-9ea7-2533061d1e03', 'bqdiep@gmail.com', '2023-12-17 16:03:47', '2023-12-17 16:03:47', 'bqdiep@gmail.com'),
('bc4a8133-7312-11ee-87d3-7c1e5206008b', '7ab3677b-47ba-402a-a989-284dec6927d4', 'bqdiep@gmail.com', '2023-11-13 15:35:10', '2023-11-13 15:35:10', 'bqdiep@gmail.com'),
('bc4a86f3-7312-11ee-87d3-7c1e5206008b', '7ab3677b-47ba-402a-a989-284dec6927d4', 'bqdiep@gmail.com', '2023-11-13 15:35:10', '2023-11-13 15:35:10', 'bqdiep@gmail.com'),
('bc4a7bdb-7312-11ee-87d3-7c1e5206008b', '80564106-68d3-4c59-8ff8-a259e8765cfd', 'bqdiep@gmail.com', '2023-12-16 09:32:19', '2023-12-16 09:32:19', 'bqdiep@gmail.com'),
('bc4a8133-7312-11ee-87d3-7c1e5206008b', '80564106-68d3-4c59-8ff8-a259e8765cfd', 'bqdiep@gmail.com', '2023-12-16 09:32:19', '2023-12-16 09:32:19', 'bqdiep@gmail.com'),
('bc4a7bdb-7312-11ee-87d3-7c1e5206008b', '8df29cb4-ae62-412f-b505-65605c7710bb', 'bqdiep@gmail.com', '2023-11-15 09:26:03', '2023-11-15 09:26:03', 'bqdiep@gmail.com'),
('bc4a8133-7312-11ee-87d3-7c1e5206008b', '8df29cb4-ae62-412f-b505-65605c7710bb', 'bqdiep@gmail.com', '2023-11-15 09:26:03', '2023-11-15 09:26:03', 'bqdiep@gmail.com'),
('bc4a846b-7312-11ee-87d3-7c1e5206008b', '92512c55-91fb-4043-bead-16a2e7794734', 'bqdiep@gmail.com', '2023-12-17 16:01:46', '2023-12-17 16:01:46', 'bqdiep@gmail.com'),
('bc4a850d-7312-11ee-87d3-7c1e5206008b', '92512c55-91fb-4043-bead-16a2e7794734', 'bqdiep@gmail.com', '2023-12-17 16:01:46', '2023-12-17 16:01:46', 'bqdiep@gmail.com'),
('bc4a85cc-7312-11ee-87d3-7c1e5206008b', '92512c55-91fb-4043-bead-16a2e7794734', 'bqdiep@gmail.com', '2023-12-17 16:01:46', '2023-12-17 16:01:46', 'bqdiep@gmail.com'),
('bc4a7bdb-7312-11ee-87d3-7c1e5206008b', '94121c88-2038-4ce4-a2c8-00ebe14d8e96', 'bqdiep@gmail.com', '2023-11-15 09:33:33', '2023-11-15 09:33:33', 'bqdiep@gmail.com'),
('bc4a8133-7312-11ee-87d3-7c1e5206008b', '94121c88-2038-4ce4-a2c8-00ebe14d8e96', 'bqdiep@gmail.com', '2023-11-15 09:33:33', '2023-11-15 09:33:33', 'bqdiep@gmail.com'),
('bc4a8278-7312-11ee-87d3-7c1e5206008b', '94121c88-2038-4ce4-a2c8-00ebe14d8e96', 'bqdiep@gmail.com', '2023-11-15 09:33:33', '2023-11-15 09:33:33', 'bqdiep@gmail.com'),
('bc4a831b-7312-11ee-87d3-7c1e5206008b', 'a1c8b5c0-a8c7-452a-9ea8-56fb3e52d3d8', 'bqdiep@gmail.com', '2023-12-14 20:24:28', '2023-12-14 20:24:28', 'bqdiep@gmail.com'),
('bc4a7bdb-7312-11ee-87d3-7c1e5206008b', 'a348a885-ade8-4a9c-ac2e-f9ad9d4741cf', 'bqdiep@gmail.com', '2023-11-15 09:23:42', '2023-11-15 09:23:42', 'bqdiep@gmail.com'),
('bc4a8133-7312-11ee-87d3-7c1e5206008b', 'a348a885-ade8-4a9c-ac2e-f9ad9d4741cf', 'bqdiep@gmail.com', '2023-11-15 09:23:42', '2023-11-15 09:23:42', 'bqdiep@gmail.com'),
('bc4a7bdb-7312-11ee-87d3-7c1e5206008b', 'a47293fa-d57c-4531-967d-e469883589d6', 'bqdiep@gmail.com', '2023-11-13 15:25:26', '2023-11-13 15:25:26', 'bqdiep@gmail.com'),
('bc4a8133-7312-11ee-87d3-7c1e5206008b', 'a47293fa-d57c-4531-967d-e469883589d6', 'bqdiep@gmail.com', '2023-11-13 15:25:26', '2023-11-13 15:25:26', 'bqdiep@gmail.com'),
('bc4a7bdb-7312-11ee-87d3-7c1e5206008b', 'b5fa962e-3f0c-4548-9747-44b1dff76c82', 'bqdiep@gmail.com', '2023-11-14 10:09:04', '2023-11-14 10:09:04', 'bqdiep@gmail.com'),
('bc4a8133-7312-11ee-87d3-7c1e5206008b', 'b5fa962e-3f0c-4548-9747-44b1dff76c82', 'bqdiep@gmail.com', '2023-11-14 10:09:04', '2023-11-14 10:09:04', 'bqdiep@gmail.com'),
('bc4a7bdb-7312-11ee-87d3-7c1e5206008b', 'bd390268-c23b-423c-a556-09c9832eda52', 'bqdiep@gmail.com', '2023-12-14 20:28:17', '2023-12-14 20:28:17', 'bqdiep@gmail.com'),
('bc4a8133-7312-11ee-87d3-7c1e5206008b', 'bd390268-c23b-423c-a556-09c9832eda52', 'bqdiep@gmail.com', '2023-12-14 20:28:17', '2023-12-14 20:28:17', 'bqdiep@gmail.com'),
('bc4a88c0-7312-11ee-87d3-7c1e5206008b', 'dc92ab8b-36e8-4e27-bef2-723849c820d8', 'bqdiep@gmail.com', '2023-12-17 19:27:27', '2023-12-17 19:27:27', 'bqdiep@gmail.com'),
('bc4a8969-7312-11ee-87d3-7c1e5206008b', 'dc92ab8b-36e8-4e27-bef2-723849c820d8', 'bqdiep@gmail.com', '2023-12-17 19:27:27', '2023-12-17 19:27:27', 'bqdiep@gmail.com'),
('bc4a7bdb-7312-11ee-87d3-7c1e5206008b', 'e7dec895-d86e-4f22-9bf7-e7f0a4af8645', 'bqdiep@gmail.com', '2023-11-15 09:23:42', '2023-11-15 09:23:42', 'bqdiep@gmail.com'),
('bc4a8133-7312-11ee-87d3-7c1e5206008b', 'e7dec895-d86e-4f22-9bf7-e7f0a4af8645', 'bqdiep@gmail.com', '2023-11-15 09:23:42', '2023-11-15 09:23:42', 'bqdiep@gmail.com'),
('bc4a7bdb-7312-11ee-87d3-7c1e5206008b', 'e911b51f-800a-4749-829b-c89a08bdf387', 'bqdiep@gmail.com', '2023-11-14 09:52:32', '2023-11-14 09:52:32', 'bqdiep@gmail.com'),
('bc4a8133-7312-11ee-87d3-7c1e5206008b', 'e911b51f-800a-4749-829b-c89a08bdf387', 'bqdiep@gmail.com', '2023-11-14 09:52:32', '2023-11-14 09:52:32', 'bqdiep@gmail.com'),
('bc4a7bdb-7312-11ee-87d3-7c1e5206008b', 'eb8774fc-9c06-406a-a314-16390f4cafa1', 'bqdiep@gmail.com', '2023-11-14 10:06:41', '2023-11-14 10:06:41', 'bqdiep@gmail.com'),
('bc4a8133-7312-11ee-87d3-7c1e5206008b', 'eb8774fc-9c06-406a-a314-16390f4cafa1', 'bqdiep@gmail.com', '2023-11-14 10:06:41', '2023-11-14 10:06:41', 'bqdiep@gmail.com'),
('bc4a7bdb-7312-11ee-87d3-7c1e5206008b', 'edab07fd-83c6-40ca-b161-3f95e1449d99', 'bqdiep@gmail.com', '2023-12-15 16:37:02', '2023-12-15 16:37:02', 'bqdiep@gmail.com'),
('bc4a8133-7312-11ee-87d3-7c1e5206008b', 'edab07fd-83c6-40ca-b161-3f95e1449d99', 'bqdiep@gmail.com', '2023-12-15 16:37:02', '2023-12-15 16:37:02', 'bqdiep@gmail.com'),
('bc4a7bdb-7312-11ee-87d3-7c1e5206008b', 'f02da591-2d9d-4cc3-8d2a-3988be107bff', 'bqdiep@gmail.com', '2023-11-14 09:47:07', '2023-11-14 09:47:07', 'bqdiep@gmail.com'),
('bc4a8133-7312-11ee-87d3-7c1e5206008b', 'f02da591-2d9d-4cc3-8d2a-3988be107bff', 'bqdiep@gmail.com', '2023-11-14 09:47:07', '2023-11-14 09:47:07', 'bqdiep@gmail.com'),
('bc4a8825-7312-11ee-87d3-7c1e5206008b', 'f28342e4-ea81-440c-b7f0-b1473410cea5', 'bqdiep@gmail.com', '2023-11-15 09:30:34', '2023-11-15 09:30:34', 'bqdiep@gmail.com'),
('bc4a7bdb-7312-11ee-87d3-7c1e5206008b', 'f6f7fb0f-960f-4051-8cd8-e8f8d7f78239', 'bqdiep@gmail.com', '2023-11-14 09:50:01', '2023-11-14 09:50:01', 'bqdiep@gmail.com'),
('bc4a8133-7312-11ee-87d3-7c1e5206008b', 'f6f7fb0f-960f-4051-8cd8-e8f8d7f78239', 'bqdiep@gmail.com', '2023-11-14 09:50:01', '2023-11-14 09:50:01', 'bqdiep@gmail.com'),
('bc4a7bdb-7312-11ee-87d3-7c1e5206008b', 'f76df0e9-610a-48f8-a037-b069b5b3b297', 'bqdiep@gmail.com', '2023-11-14 09:38:51', '2023-11-14 09:38:51', 'bqdiep@gmail.com'),
('bc4a8133-7312-11ee-87d3-7c1e5206008b', 'f76df0e9-610a-48f8-a037-b069b5b3b297', 'bqdiep@gmail.com', '2023-11-14 09:38:51', '2023-11-14 09:38:51', 'bqdiep@gmail.com'),
('bc4a7bdb-7312-11ee-87d3-7c1e5206008b', 'f8f4c87e-94ee-4f42-a2dc-100920933e8f', 'bqdiep@gmail.com', '2023-11-14 09:47:07', '2023-11-14 09:47:07', 'bqdiep@gmail.com'),
('bc4a8133-7312-11ee-87d3-7c1e5206008b', 'f8f4c87e-94ee-4f42-a2dc-100920933e8f', 'bqdiep@gmail.com', '2023-11-14 09:47:07', '2023-11-14 09:47:07', 'bqdiep@gmail.com'),
('bc4a7bdb-7312-11ee-87d3-7c1e5206008b', 'fb7a752a-7ca8-4ad4-87df-3705ec0a42e3', 'bqdiep@gmail.com', '2023-11-06 10:42:00', '2023-11-06 10:42:00', 'bqdiep@gmail.com'),
('bc4a8133-7312-11ee-87d3-7c1e5206008b', 'fb7a752a-7ca8-4ad4-87df-3705ec0a42e3', 'bqdiep@gmail.com', '2023-11-06 10:42:00', '2023-11-06 10:42:00', 'bqdiep@gmail.com');

-- 
-- Dumping data for table subjectregistration
--
INSERT INTO subjectregistration VALUES
('28aae8b5-7938-11ee-a859-040e3cab354b', 'ML001', 'Mã lớp 001', '', '2023-11-02 11:27:40', '', '2023-11-02 11:27:40', '', 2023, 50, 'a972d03d-7939-11ee-a859-040e3cab354b', '2000637a-2a69-2e7e-a135-f63bd3f197bd', '7d8de15e-18ba-467b-9cac-edf92a1353ac', '2023-11-02 11:27:40', '2023-11-02 11:27:40', '2000637a-2a69-2e7e-a135-f98da3f197bd'),
('c8ecb829-7939-11ee-a859-040e3cab354b', 'ML002', 'Mã lớp 002', '', '2023-11-02 11:39:18', '', '2023-11-02 11:39:18', '', 2023, 50, 'a972d03d-7939-11ee-a859-040e3cab354b', '2000637a-2a69-2e7e-a135-f63bd3f197bd', '7d8de15e-18ba-467b-9cac-edf92a1353ac', '2023-11-02 11:39:18', '2023-11-02 11:39:18', '2000637a-2a69-2e7e-a135-f98da3f197bd');

-- 
-- Dumping data for table roomequipment
--
INSERT INTO roomequipment VALUES
('4f097c30-5cce-4403-a4bb-b20a9e76b4e1', '1c1fcd85-59ec-7f23-924a-775f5b0c255b', NULL, '2023-05-21 16:00:51', 'pttam@gmail.com', '2023-05-21 16:00:51', 'pttam@gmail.com'),
('4f097c30-5cce-4403-a4bb-b20a9e76b4e1', '3f7bb059-6c87-1b53-7f6a-e0860b0602ba', NULL, '2023-05-21 16:00:51', 'pttam@gmail.com', '2023-05-21 16:00:51', 'pttam@gmail.com'),
('4f097c30-5cce-4403-a4bb-b20a9e76b4e1', '676c50b7-4130-6122-b044-6bc098520b79', NULL, '2023-05-21 16:00:51', 'pttam@gmail.com', '2023-05-21 16:00:51', 'pttam@gmail.com'),
('4f097c30-5cce-4403-a4bb-b20a9e76b4e1', '6e0e23cc-5dbb-6fe0-8b0b-d111d7560dd1', NULL, '2023-05-21 16:00:51', 'pttam@gmail.com', '2023-05-21 16:00:51', 'pttam@gmail.com'),
('4f097c30-5cce-4403-a4bb-b20a9e76b4e1', '6fd9cee5-30b5-5670-79ff-f8ad76748b41', NULL, '2023-05-21 16:00:51', 'pttam@gmail.com', '2023-05-21 16:00:51', 'pttam@gmail.com'),
('8985c3e5-ccb9-11ed-8def-f8b46ac25bb6', '1c1fcd85-59ec-7f23-924a-775f5b0c255b', NULL, '2023-10-15 11:04:22', 'bqdiep@gmail.com', '2023-10-15 11:04:22', 'bqdiep@gmail.com'),
('8985c3e5-ccb9-11ed-8def-f8b46ac25bb6', '676c50b7-4130-6122-b044-6bc098520b79', NULL, '2023-10-15 11:04:22', 'bqdiep@gmail.com', '2023-10-15 11:04:22', 'bqdiep@gmail.com'),
('8985c3e5-ccb9-11ed-8def-f8b46ac25bb6', '6e0e23cc-5dbb-6fe0-8b0b-d111d7560dd1', NULL, '2023-10-15 11:04:22', 'bqdiep@gmail.com', '2023-10-15 11:04:22', 'bqdiep@gmail.com'),
('8985c99f-ccb9-11ed-8def-f8b46ac25bb6', '1c1fcd85-59ec-7f23-924a-775f5b0c255b', NULL, '2023-10-14 11:35:04', 'bqdiep@gmail.com', '2023-10-14 11:35:04', 'bqdiep@gmail.com'),
('8985c99f-ccb9-11ed-8def-f8b46ac25bb6', '3f7bb059-6c87-1b53-7f6a-e0860b0602ba', NULL, '2023-10-14 11:35:04', 'bqdiep@gmail.com', '2023-10-14 11:35:04', 'bqdiep@gmail.com'),
('8985c99f-ccb9-11ed-8def-f8b46ac25bb6', '6fd9cee5-30b5-5670-79ff-f8ad76748b41', NULL, '2023-10-14 11:35:04', 'bqdiep@gmail.com', '2023-10-14 11:35:04', 'bqdiep@gmail.com'),
('8985cb1f-ccb9-11ed-8def-f8b46ac25bb6', '1c1fcd85-59ec-7f23-924a-775f5b0c255b', NULL, '2023-05-21 16:01:08', 'pttam@gmail.com', '2023-05-21 16:01:08', 'pttam@gmail.com'),
('8985cb1f-ccb9-11ed-8def-f8b46ac25bb6', '6fd9cee5-30b5-5670-79ff-f8ad76748b41', NULL, '2023-05-21 16:01:08', 'pttam@gmail.com', '2023-05-21 16:01:08', 'pttam@gmail.com'),
('8985cc24-ccb9-11ed-8def-f8b46ac25bb6', '1c1fcd85-59ec-7f23-924a-775f5b0c255b', NULL, '2023-05-21 16:01:51', 'pttam@gmail.com', '2023-05-21 16:01:51', 'pttam@gmail.com'),
('8985cc24-ccb9-11ed-8def-f8b46ac25bb6', '3f7bb059-6c87-1b53-7f6a-e0860b0602ba', NULL, '2023-05-21 16:01:51', 'pttam@gmail.com', '2023-05-21 16:01:51', 'pttam@gmail.com'),
('8985cc24-ccb9-11ed-8def-f8b46ac25bb6', '6e0e23cc-5dbb-6fe0-8b0b-d111d7560dd1', NULL, '2023-05-21 16:01:51', 'pttam@gmail.com', '2023-05-21 16:01:51', 'pttam@gmail.com'),
('8985cd25-ccb9-11ed-8def-f8b46ac25bb6', '3f7bb059-6c87-1b53-7f6a-e0860b0602ba', NULL, '2023-05-21 16:02:33', 'pttam@gmail.com', '2023-05-21 16:02:33', 'pttam@gmail.com'),
('8985cd25-ccb9-11ed-8def-f8b46ac25bb6', '6e0e23cc-5dbb-6fe0-8b0b-d111d7560dd1', NULL, '2023-05-21 16:02:33', 'pttam@gmail.com', '2023-05-21 16:02:33', 'pttam@gmail.com'),
('8985ceb0-ccb9-11ed-8def-f8b46ac25bb6', '1c1fcd85-59ec-7f23-924a-775f5b0c255b', 1, NULL, NULL, NULL, NULL),
('8985d036-ccb9-11ed-8def-f8b46ac25bb6', '3f7bb059-6c87-1b53-7f6a-e0860b0602ba', NULL, '2023-05-21 16:03:19', 'pttam@gmail.com', '2023-05-21 16:03:19', 'pttam@gmail.com'),
('8985d036-ccb9-11ed-8def-f8b46ac25bb6', '6e0e23cc-5dbb-6fe0-8b0b-d111d7560dd1', NULL, '2023-05-21 16:03:19', 'pttam@gmail.com', '2023-05-21 16:03:19', 'pttam@gmail.com'),
('8985d036-ccb9-11ed-8def-f8b46ac25bb6', '6fd9cee5-30b5-5670-79ff-f8ad76748b41', NULL, '2023-05-21 16:03:19', 'pttam@gmail.com', '2023-05-21 16:03:19', 'pttam@gmail.com'),
('8985d17d-ccb9-11ed-8def-f8b46ac25bb6', '1c1fcd85-59ec-7f23-924a-775f5b0c255b', 1, NULL, NULL, NULL, NULL),
('8985d27f-ccb9-11ed-8def-f8b46ac25bb6', '3f7bb059-6c87-1b53-7f6a-e0860b0602ba', NULL, '2023-05-21 16:03:43', 'pttam@gmail.com', '2023-05-21 16:03:43', 'pttam@gmail.com'),
('8985d27f-ccb9-11ed-8def-f8b46ac25bb6', '676c50b7-4130-6122-b044-6bc098520b79', NULL, '2023-05-21 16:03:43', 'pttam@gmail.com', '2023-05-21 16:03:43', 'pttam@gmail.com'),
('8985d392-ccb9-11ed-8def-f8b46ac25bb6', '3f7bb059-6c87-1b53-7f6a-e0860b0602ba', 1, NULL, NULL, NULL, NULL),
('8985d4f3-ccb9-11ed-8def-f8b46ac25bb6', '3f7bb059-6c87-1b53-7f6a-e0860b0602ba', 1, NULL, NULL, NULL, NULL),
('8985d5ef-ccb9-11ed-8def-f8b46ac25bb6', '3f7bb059-6c87-1b53-7f6a-e0860b0602ba', 1, NULL, NULL, NULL, NULL),
('8985d6ed-ccb9-11ed-8def-f8b46ac25bb6', '3f7bb059-6c87-1b53-7f6a-e0860b0602ba', 1, NULL, NULL, NULL, NULL),
('8985d7cd-ccb9-11ed-8def-f8b46ac25bb6', '3f7bb059-6c87-1b53-7f6a-e0860b0602ba', NULL, '2023-05-21 16:04:03', 'pttam@gmail.com', '2023-05-21 16:04:03', 'pttam@gmail.com'),
('8985d7cd-ccb9-11ed-8def-f8b46ac25bb6', '6fd9cee5-30b5-5670-79ff-f8ad76748b41', NULL, '2023-05-21 16:04:03', 'pttam@gmail.com', '2023-05-21 16:04:03', 'pttam@gmail.com'),
('8985d8da-ccb9-11ed-8def-f8b46ac25bb6', '3f7bb059-6c87-1b53-7f6a-e0860b0602ba', 1, NULL, NULL, NULL, NULL),
('8985da36-ccb9-11ed-8def-f8b46ac25bb6', '3f7bb059-6c87-1b53-7f6a-e0860b0602ba', 1, NULL, NULL, NULL, NULL),
('8985db28-ccb9-11ed-8def-f8b46ac25bb6', '3f7bb059-6c87-1b53-7f6a-e0860b0602ba', 1, NULL, NULL, NULL, NULL),
('8985dc36-ccb9-11ed-8def-f8b46ac25bb6', '3f7bb059-6c87-1b53-7f6a-e0860b0602ba', 1, NULL, NULL, NULL, NULL),
('8985dd27-ccb9-11ed-8def-f8b46ac25bb6', '3f7bb059-6c87-1b53-7f6a-e0860b0602ba', 1, NULL, NULL, NULL, NULL),
('8985de1a-ccb9-11ed-8def-f8b46ac25bb6', '3f7bb059-6c87-1b53-7f6a-e0860b0602ba', 1, NULL, NULL, NULL, NULL),
('8985df0a-ccb9-11ed-8def-f8b46ac25bb6', '3f7bb059-6c87-1b53-7f6a-e0860b0602ba', 1, NULL, NULL, NULL, NULL),
('8985dff8-ccb9-11ed-8def-f8b46ac25bb6', '3f7bb059-6c87-1b53-7f6a-e0860b0602ba', 1, NULL, NULL, NULL, NULL),
('8985e0fe-ccb9-11ed-8def-f8b46ac25bb6', '3f7bb059-6c87-1b53-7f6a-e0860b0602ba', 1, NULL, NULL, NULL, NULL),
('8985e212-ccb9-11ed-8def-f8b46ac25bb6', '3f7bb059-6c87-1b53-7f6a-e0860b0602ba', 1, NULL, NULL, NULL, NULL),
('8985e319-ccb9-11ed-8def-f8b46ac25bb6', '3f7bb059-6c87-1b53-7f6a-e0860b0602ba', 1, NULL, NULL, NULL, NULL),
('9bb1c410-ccb9-11ed-8def-f8b46ac25bb6', '676c50b7-4130-6122-b044-6bc098520b79', NULL, '2023-10-15 11:04:01', 'bqdiep@gmail.com', '2023-10-15 11:04:01', 'bqdiep@gmail.com'),
('9bb1c410-ccb9-11ed-8def-f8b46ac25bb6', '6e0e23cc-5dbb-6fe0-8b0b-d111d7560dd1', NULL, '2023-10-15 11:04:01', 'bqdiep@gmail.com', '2023-10-15 11:04:01', 'bqdiep@gmail.com'),
('9bb1c410-ccb9-11ed-8def-f8b46ac25bb6', '6fd9cee5-30b5-5670-79ff-f8ad76748b41', NULL, '2023-10-15 11:04:01', 'bqdiep@gmail.com', '2023-10-15 11:04:01', 'bqdiep@gmail.com'),
('9bb1c98c-ccb9-11ed-8def-f8b46ac25bb6', '1c1fcd85-59ec-7f23-924a-775f5b0c255b', NULL, '2023-10-14 11:32:25', 'bqdiep@gmail.com', '2023-10-14 11:32:25', 'bqdiep@gmail.com'),
('9bb1c98c-ccb9-11ed-8def-f8b46ac25bb6', '676c50b7-4130-6122-b044-6bc098520b79', NULL, '2023-10-14 11:32:25', 'bqdiep@gmail.com', '2023-10-14 11:32:25', 'bqdiep@gmail.com'),
('9bb1cb7e-ccb9-11ed-8def-f8b46ac25bb6', '676c50b7-4130-6122-b044-6bc098520b79', NULL, '2023-05-21 16:00:56', 'pttam@gmail.com', '2023-05-21 16:00:56', 'pttam@gmail.com'),
('9bb1cb7e-ccb9-11ed-8def-f8b46ac25bb6', '6e0e23cc-5dbb-6fe0-8b0b-d111d7560dd1', NULL, '2023-05-21 16:00:56', 'pttam@gmail.com', '2023-05-21 16:00:56', 'pttam@gmail.com'),
('9bb1cda5-ccb9-11ed-8def-f8b46ac25bb6', '1c1fcd85-59ec-7f23-924a-775f5b0c255b', NULL, '2023-05-21 16:01:34', 'pttam@gmail.com', '2023-05-21 16:01:34', 'pttam@gmail.com'),
('9bb1cda5-ccb9-11ed-8def-f8b46ac25bb6', '676c50b7-4130-6122-b044-6bc098520b79', NULL, '2023-05-21 16:01:34', 'pttam@gmail.com', '2023-05-21 16:01:34', 'pttam@gmail.com'),
('9bb1cda5-ccb9-11ed-8def-f8b46ac25bb6', '6e0e23cc-5dbb-6fe0-8b0b-d111d7560dd1', NULL, '2023-05-21 16:01:34', 'pttam@gmail.com', '2023-05-21 16:01:34', 'pttam@gmail.com'),
('9bb1cf82-ccb9-11ed-8def-f8b46ac25bb6', '3f7bb059-6c87-1b53-7f6a-e0860b0602ba', NULL, '2023-05-21 16:02:11', 'pttam@gmail.com', '2023-05-21 16:02:11', 'pttam@gmail.com'),
('9bb1cf82-ccb9-11ed-8def-f8b46ac25bb6', '676c50b7-4130-6122-b044-6bc098520b79', NULL, '2023-05-21 16:02:11', 'pttam@gmail.com', '2023-05-21 16:02:11', 'pttam@gmail.com'),
('9bb1cf82-ccb9-11ed-8def-f8b46ac25bb6', '6e0e23cc-5dbb-6fe0-8b0b-d111d7560dd1', NULL, '2023-05-21 16:02:11', 'pttam@gmail.com', '2023-05-21 16:02:11', 'pttam@gmail.com'),
('9bb1d0fd-ccb9-11ed-8def-f8b46ac25bb6', '3f7bb059-6c87-1b53-7f6a-e0860b0602ba', NULL, '2023-05-21 16:02:57', 'pttam@gmail.com', '2023-05-21 16:02:57', 'pttam@gmail.com'),
('9bb1d0fd-ccb9-11ed-8def-f8b46ac25bb6', '676c50b7-4130-6122-b044-6bc098520b79', NULL, '2023-05-21 16:02:57', 'pttam@gmail.com', '2023-05-21 16:02:57', 'pttam@gmail.com'),
('9bb1d0fd-ccb9-11ed-8def-f8b46ac25bb6', '6e0e23cc-5dbb-6fe0-8b0b-d111d7560dd1', NULL, '2023-05-21 16:02:57', 'pttam@gmail.com', '2023-05-21 16:02:57', 'pttam@gmail.com'),
('9bb1d219-ccb9-11ed-8def-f8b46ac25bb6', '3f7bb059-6c87-1b53-7f6a-e0860b0602ba', NULL, '2023-05-21 16:03:07', 'pttam@gmail.com', '2023-05-21 16:03:07', 'pttam@gmail.com'),
('9bb1d219-ccb9-11ed-8def-f8b46ac25bb6', '676c50b7-4130-6122-b044-6bc098520b79', NULL, '2023-05-21 16:03:07', 'pttam@gmail.com', '2023-05-21 16:03:07', 'pttam@gmail.com'),
('9bb1d219-ccb9-11ed-8def-f8b46ac25bb6', '6e0e23cc-5dbb-6fe0-8b0b-d111d7560dd1', NULL, '2023-05-21 16:03:07', 'pttam@gmail.com', '2023-05-21 16:03:07', 'pttam@gmail.com'),
('9bb1d219-ccb9-11ed-8def-f8b46ac25bb6', '6fd9cee5-30b5-5670-79ff-f8ad76748b41', NULL, '2023-05-21 16:03:07', 'pttam@gmail.com', '2023-05-21 16:03:07', 'pttam@gmail.com'),
('9bb1d344-ccb9-11ed-8def-f8b46ac25bb6', '676c50b7-4130-6122-b044-6bc098520b79', 1, NULL, NULL, NULL, NULL),
('9bb1d6b1-ccb9-11ed-8def-f8b46ac25bb6', '676c50b7-4130-6122-b044-6bc098520b79', 1, NULL, NULL, NULL, NULL),
('9bb1d7d5-ccb9-11ed-8def-f8b46ac25bb6', '676c50b7-4130-6122-b044-6bc098520b79', 1, NULL, NULL, NULL, NULL),
('9bb1d97c-ccb9-11ed-8def-f8b46ac25bb6', '676c50b7-4130-6122-b044-6bc098520b79', 1, NULL, NULL, NULL, NULL),
('9bb1dae0-ccb9-11ed-8def-f8b46ac25bb6', '676c50b7-4130-6122-b044-6bc098520b79', 1, NULL, NULL, NULL, NULL),
('9bb1dbf5-ccb9-11ed-8def-f8b46ac25bb6', '676c50b7-4130-6122-b044-6bc098520b79', 1, NULL, NULL, NULL, NULL),
('9bb1dccc-ccb9-11ed-8def-f8b46ac25bb6', '676c50b7-4130-6122-b044-6bc098520b79', 1, NULL, NULL, NULL, NULL),
('9bb1ddb0-ccb9-11ed-8def-f8b46ac25bb6', '676c50b7-4130-6122-b044-6bc098520b79', 1, NULL, NULL, NULL, NULL),
('9bb1deae-ccb9-11ed-8def-f8b46ac25bb6', '676c50b7-4130-6122-b044-6bc098520b79', 1, NULL, NULL, NULL, NULL),
('9bb1df89-ccb9-11ed-8def-f8b46ac25bb6', '676c50b7-4130-6122-b044-6bc098520b79', 1, NULL, NULL, NULL, NULL),
('9bb1e056-ccb9-11ed-8def-f8b46ac25bb6', '676c50b7-4130-6122-b044-6bc098520b79', 1, NULL, NULL, NULL, NULL),
('9bb1e125-ccb9-11ed-8def-f8b46ac25bb6', '676c50b7-4130-6122-b044-6bc098520b79', 1, NULL, NULL, NULL, NULL),
('9bb1e209-ccb9-11ed-8def-f8b46ac25bb6', '676c50b7-4130-6122-b044-6bc098520b79', 1, NULL, NULL, NULL, NULL),
('9bb1e2e2-ccb9-11ed-8def-f8b46ac25bb6', '676c50b7-4130-6122-b044-6bc098520b79', 1, NULL, NULL, NULL, NULL),
('9bb1e3a9-ccb9-11ed-8def-f8b46ac25bb6', '676c50b7-4130-6122-b044-6bc098520b79', 1, NULL, NULL, NULL, NULL),
('9bb1e489-ccb9-11ed-8def-f8b46ac25bb6', '676c50b7-4130-6122-b044-6bc098520b79', 1, NULL, NULL, NULL, NULL),
('9bb1e55b-ccb9-11ed-8def-f8b46ac25bb6', '676c50b7-4130-6122-b044-6bc098520b79', 1, NULL, NULL, NULL, NULL),
('9bb1e631-ccb9-11ed-8def-f8b46ac25bb6', '676c50b7-4130-6122-b044-6bc098520b79', 1, NULL, NULL, NULL, NULL),
('a880cb05-ccb9-11ed-8def-f8b46ac25bb6', '676c50b7-4130-6122-b044-6bc098520b79', NULL, '2023-10-15 11:04:12', 'bqdiep@gmail.com', '2023-10-15 11:04:12', 'bqdiep@gmail.com'),
('a880cb05-ccb9-11ed-8def-f8b46ac25bb6', '6fd9cee5-30b5-5670-79ff-f8ad76748b41', NULL, '2023-10-15 11:04:12', 'bqdiep@gmail.com', '2023-10-15 11:04:12', 'bqdiep@gmail.com'),
('a880d819-ccb9-11ed-8def-f8b46ac25bb6', '1c1fcd85-59ec-7f23-924a-775f5b0c255b', NULL, '2023-10-15 11:04:50', 'bqdiep@gmail.com', '2023-10-15 11:04:50', 'bqdiep@gmail.com'),
('a880d819-ccb9-11ed-8def-f8b46ac25bb6', '3f7bb059-6c87-1b53-7f6a-e0860b0602ba', NULL, '2023-10-15 11:04:50', 'bqdiep@gmail.com', '2023-10-15 11:04:50', 'bqdiep@gmail.com'),
('a880d819-ccb9-11ed-8def-f8b46ac25bb6', '676c50b7-4130-6122-b044-6bc098520b79', NULL, '2023-10-15 11:04:50', 'bqdiep@gmail.com', '2023-10-15 11:04:50', 'bqdiep@gmail.com'),
('a880d819-ccb9-11ed-8def-f8b46ac25bb6', '6e0e23cc-5dbb-6fe0-8b0b-d111d7560dd1', NULL, '2023-10-15 11:04:50', 'bqdiep@gmail.com', '2023-10-15 11:04:50', 'bqdiep@gmail.com'),
('a880d819-ccb9-11ed-8def-f8b46ac25bb6', '6fd9cee5-30b5-5670-79ff-f8ad76748b41', NULL, '2023-10-15 11:04:50', 'bqdiep@gmail.com', '2023-10-15 11:04:50', 'bqdiep@gmail.com'),
('a880d9fe-ccb9-11ed-8def-f8b46ac25bb6', '1c1fcd85-59ec-7f23-924a-775f5b0c255b', NULL, '2023-05-21 16:00:59', 'pttam@gmail.com', '2023-05-21 16:00:59', 'pttam@gmail.com'),
('a880d9fe-ccb9-11ed-8def-f8b46ac25bb6', '676c50b7-4130-6122-b044-6bc098520b79', NULL, '2023-05-21 16:00:59', 'pttam@gmail.com', '2023-05-21 16:00:59', 'pttam@gmail.com'),
('a880daef-ccb9-11ed-8def-f8b46ac25bb6', '3f7bb059-6c87-1b53-7f6a-e0860b0602ba', NULL, '2023-05-21 16:01:40', 'pttam@gmail.com', '2023-05-21 16:01:40', 'pttam@gmail.com'),
('a880daef-ccb9-11ed-8def-f8b46ac25bb6', '676c50b7-4130-6122-b044-6bc098520b79', NULL, '2023-05-21 16:01:40', 'pttam@gmail.com', '2023-05-21 16:01:40', 'pttam@gmail.com'),
('a880dbf6-ccb9-11ed-8def-f8b46ac25bb6', '1c1fcd85-59ec-7f23-924a-775f5b0c255b', NULL, '2023-05-21 16:02:16', 'pttam@gmail.com', '2023-05-21 16:02:16', 'pttam@gmail.com'),
('a880dbf6-ccb9-11ed-8def-f8b46ac25bb6', '676c50b7-4130-6122-b044-6bc098520b79', NULL, '2023-05-21 16:02:16', 'pttam@gmail.com', '2023-05-21 16:02:16', 'pttam@gmail.com'),
('a880dbf6-ccb9-11ed-8def-f8b46ac25bb6', '6e0e23cc-5dbb-6fe0-8b0b-d111d7560dd1', NULL, '2023-05-21 16:02:16', 'pttam@gmail.com', '2023-05-21 16:02:16', 'pttam@gmail.com'),
('a880dce6-ccb9-11ed-8def-f8b46ac25bb6', '1c1fcd85-59ec-7f23-924a-775f5b0c255b', 1, NULL, NULL, NULL, NULL),
('a880dde2-ccb9-11ed-8def-f8b46ac25bb6', '6e0e23cc-5dbb-6fe0-8b0b-d111d7560dd1', 1, NULL, NULL, NULL, NULL),
('a880df57-ccb9-11ed-8def-f8b46ac25bb6', '6e0e23cc-5dbb-6fe0-8b0b-d111d7560dd1', 1, NULL, NULL, NULL, NULL),
('a880e107-ccb9-11ed-8def-f8b46ac25bb6', '6e0e23cc-5dbb-6fe0-8b0b-d111d7560dd1', 1, NULL, NULL, NULL, NULL),
('a880e235-ccb9-11ed-8def-f8b46ac25bb6', '6e0e23cc-5dbb-6fe0-8b0b-d111d7560dd1', 1, NULL, NULL, NULL, NULL),
('a880e65d-ccb9-11ed-8def-f8b46ac25bb6', '6e0e23cc-5dbb-6fe0-8b0b-d111d7560dd1', 1, NULL, NULL, NULL, NULL),
('a880e78d-ccb9-11ed-8def-f8b46ac25bb6', '6e0e23cc-5dbb-6fe0-8b0b-d111d7560dd1', 1, NULL, NULL, NULL, NULL),
('a880e8a4-ccb9-11ed-8def-f8b46ac25bb6', '6e0e23cc-5dbb-6fe0-8b0b-d111d7560dd1', 1, NULL, NULL, NULL, NULL),
('a880e9a6-ccb9-11ed-8def-f8b46ac25bb6', '6e0e23cc-5dbb-6fe0-8b0b-d111d7560dd1', 1, NULL, NULL, NULL, NULL),
('a880ea9e-ccb9-11ed-8def-f8b46ac25bb6', '6e0e23cc-5dbb-6fe0-8b0b-d111d7560dd1', 1, NULL, NULL, NULL, NULL),
('a880ebdc-ccb9-11ed-8def-f8b46ac25bb6', '6e0e23cc-5dbb-6fe0-8b0b-d111d7560dd1', 1, NULL, NULL, NULL, NULL),
('a880ecd0-ccb9-11ed-8def-f8b46ac25bb6', '6e0e23cc-5dbb-6fe0-8b0b-d111d7560dd1', 1, NULL, NULL, NULL, NULL),
('a880edfb-ccb9-11ed-8def-f8b46ac25bb6', '6e0e23cc-5dbb-6fe0-8b0b-d111d7560dd1', 1, NULL, NULL, NULL, NULL),
('a880ef2e-ccb9-11ed-8def-f8b46ac25bb6', '6e0e23cc-5dbb-6fe0-8b0b-d111d7560dd1', 1, NULL, NULL, NULL, NULL),
('a880f061-ccb9-11ed-8def-f8b46ac25bb6', '6e0e23cc-5dbb-6fe0-8b0b-d111d7560dd1', 1, NULL, NULL, NULL, NULL),
('a880f1a5-ccb9-11ed-8def-f8b46ac25bb6', '6e0e23cc-5dbb-6fe0-8b0b-d111d7560dd1', 1, NULL, NULL, NULL, NULL),
('a880f2cc-ccb9-11ed-8def-f8b46ac25bb6', '6e0e23cc-5dbb-6fe0-8b0b-d111d7560dd1', 1, NULL, NULL, NULL, NULL),
('a880f3f7-ccb9-11ed-8def-f8b46ac25bb6', '6e0e23cc-5dbb-6fe0-8b0b-d111d7560dd1', 1, NULL, NULL, NULL, NULL),
('a880f52a-ccb9-11ed-8def-f8b46ac25bb6', '6e0e23cc-5dbb-6fe0-8b0b-d111d7560dd1', 1, NULL, NULL, NULL, NULL),
('a880f662-ccb9-11ed-8def-f8b46ac25bb6', '6e0e23cc-5dbb-6fe0-8b0b-d111d7560dd1', 1, NULL, NULL, NULL, NULL),
('b7c7bf6f-ccb9-11ed-8def-f8b46ac25bb6', '1c1fcd85-59ec-7f23-924a-775f5b0c255b', NULL, '2023-10-15 11:04:18', 'bqdiep@gmail.com', '2023-10-15 11:04:18', 'bqdiep@gmail.com'),
('b7c7bf6f-ccb9-11ed-8def-f8b46ac25bb6', '6e0e23cc-5dbb-6fe0-8b0b-d111d7560dd1', NULL, '2023-10-15 11:04:18', 'bqdiep@gmail.com', '2023-10-15 11:04:18', 'bqdiep@gmail.com'),
('b7c7e08e-ccb9-11ed-8def-f8b46ac25bb6', '1c1fcd85-59ec-7f23-924a-775f5b0c255b', NULL, '2023-05-21 15:59:49', 'pttam@gmail.com', '2023-05-21 15:59:49', 'pttam@gmail.com'),
('b7c7e08e-ccb9-11ed-8def-f8b46ac25bb6', '676c50b7-4130-6122-b044-6bc098520b79', NULL, '2023-05-21 15:59:49', 'pttam@gmail.com', '2023-05-21 15:59:49', 'pttam@gmail.com'),
('b7c7e08e-ccb9-11ed-8def-f8b46ac25bb6', '6e0e23cc-5dbb-6fe0-8b0b-d111d7560dd1', NULL, '2023-05-21 15:59:49', 'pttam@gmail.com', '2023-05-21 15:59:49', 'pttam@gmail.com'),
('b7c7e08e-ccb9-11ed-8def-f8b46ac25bb6', '6fd9cee5-30b5-5670-79ff-f8ad76748b41', NULL, '2023-05-21 15:59:49', 'pttam@gmail.com', '2023-05-21 15:59:49', 'pttam@gmail.com'),
('b7c7e1d1-ccb9-11ed-8def-f8b46ac25bb6', '6e0e23cc-5dbb-6fe0-8b0b-d111d7560dd1', NULL, '2023-05-21 16:01:03', 'pttam@gmail.com', '2023-05-21 16:01:03', 'pttam@gmail.com'),
('b7c7e1d1-ccb9-11ed-8def-f8b46ac25bb6', '6fd9cee5-30b5-5670-79ff-f8ad76748b41', NULL, '2023-05-21 16:01:03', 'pttam@gmail.com', '2023-05-21 16:01:03', 'pttam@gmail.com'),
('b7c7e2b2-ccb9-11ed-8def-f8b46ac25bb6', '676c50b7-4130-6122-b044-6bc098520b79', NULL, '2023-05-21 16:01:44', 'pttam@gmail.com', '2023-05-21 16:01:44', 'pttam@gmail.com'),
('b7c7e2b2-ccb9-11ed-8def-f8b46ac25bb6', '6e0e23cc-5dbb-6fe0-8b0b-d111d7560dd1', NULL, '2023-05-21 16:01:44', 'pttam@gmail.com', '2023-05-21 16:01:44', 'pttam@gmail.com'),
('b7c7e397-ccb9-11ed-8def-f8b46ac25bb6', '1c1fcd85-59ec-7f23-924a-775f5b0c255b', NULL, '2023-05-21 16:02:27', 'pttam@gmail.com', '2023-05-21 16:02:27', 'pttam@gmail.com'),
('b7c7e397-ccb9-11ed-8def-f8b46ac25bb6', '6e0e23cc-5dbb-6fe0-8b0b-d111d7560dd1', NULL, '2023-05-21 16:02:27', 'pttam@gmail.com', '2023-05-21 16:02:27', 'pttam@gmail.com'),
('b7c7e397-ccb9-11ed-8def-f8b46ac25bb6', '6fd9cee5-30b5-5670-79ff-f8ad76748b41', NULL, '2023-05-21 16:02:27', 'pttam@gmail.com', '2023-05-21 16:02:27', 'pttam@gmail.com'),
('b7c7e494-ccb9-11ed-8def-f8b46ac25bb6', '6e0e23cc-5dbb-6fe0-8b0b-d111d7560dd1', 1, NULL, NULL, NULL, NULL),
('b7c7e557-ccb9-11ed-8def-f8b46ac25bb6', '6e0e23cc-5dbb-6fe0-8b0b-d111d7560dd1', 1, NULL, NULL, NULL, NULL),
('b7c7e63f-ccb9-11ed-8def-f8b46ac25bb6', '6e0e23cc-5dbb-6fe0-8b0b-d111d7560dd1', 1, NULL, NULL, NULL, NULL),
('b7c7e706-ccb9-11ed-8def-f8b46ac25bb6', '1c1fcd85-59ec-7f23-924a-775f5b0c255b', NULL, '2023-05-21 16:03:36', 'pttam@gmail.com', '2023-05-21 16:03:36', 'pttam@gmail.com'),
('b7c7e706-ccb9-11ed-8def-f8b46ac25bb6', '6e0e23cc-5dbb-6fe0-8b0b-d111d7560dd1', NULL, '2023-05-21 16:03:36', 'pttam@gmail.com', '2023-05-21 16:03:36', 'pttam@gmail.com'),
('b7c7e7c4-ccb9-11ed-8def-f8b46ac25bb6', '6e0e23cc-5dbb-6fe0-8b0b-d111d7560dd1', 1, NULL, NULL, NULL, NULL),
('b7c7e8b0-ccb9-11ed-8def-f8b46ac25bb6', '1c1fcd85-59ec-7f23-924a-775f5b0c255b', 1, NULL, NULL, NULL, NULL),
('b7c7eae4-ccb9-11ed-8def-f8b46ac25bb6', '6fd9cee5-30b5-5670-79ff-f8ad76748b41', 1, NULL, NULL, NULL, NULL),
('b7c7ebc8-ccb9-11ed-8def-f8b46ac25bb6', '6fd9cee5-30b5-5670-79ff-f8ad76748b41', 1, NULL, NULL, NULL, NULL),
('b7c7ecc1-ccb9-11ed-8def-f8b46ac25bb6', '1c1fcd85-59ec-7f23-924a-775f5b0c255b', NULL, '2023-05-21 16:04:07', 'pttam@gmail.com', '2023-05-21 16:04:07', 'pttam@gmail.com'),
('b7c7ecc1-ccb9-11ed-8def-f8b46ac25bb6', '6fd9cee5-30b5-5670-79ff-f8ad76748b41', NULL, '2023-05-21 16:04:07', 'pttam@gmail.com', '2023-05-21 16:04:07', 'pttam@gmail.com'),
('b7c7ed8e-ccb9-11ed-8def-f8b46ac25bb6', '6fd9cee5-30b5-5670-79ff-f8ad76748b41', 1, NULL, NULL, NULL, NULL),
('b7c7ef0c-ccb9-11ed-8def-f8b46ac25bb6', '6fd9cee5-30b5-5670-79ff-f8ad76748b41', 1, NULL, NULL, NULL, NULL),
('b7c7f0ef-ccb9-11ed-8def-f8b46ac25bb6', '6fd9cee5-30b5-5670-79ff-f8ad76748b41', 1, NULL, NULL, NULL, NULL),
('b7c7f1c9-ccb9-11ed-8def-f8b46ac25bb6', '6fd9cee5-30b5-5670-79ff-f8ad76748b41', 1, NULL, NULL, NULL, NULL),
('b7c7f937-ccb9-11ed-8def-f8b46ac25bb6', '6fd9cee5-30b5-5670-79ff-f8ad76748b41', 1, NULL, NULL, NULL, NULL),
('b7c7fa1a-ccb9-11ed-8def-f8b46ac25bb6', '6fd9cee5-30b5-5670-79ff-f8ad76748b41', 1, NULL, NULL, NULL, NULL),
('b7c80077-ccb9-11ed-8def-f8b46ac25bb6', '6fd9cee5-30b5-5670-79ff-f8ad76748b41', 1, NULL, NULL, NULL, NULL),
('b7c80196-ccb9-11ed-8def-f8b46ac25bb6', '6fd9cee5-30b5-5670-79ff-f8ad76748b41', 1, NULL, NULL, NULL, NULL),
('b7c802a6-ccb9-11ed-8def-f8b46ac25bb6', '6fd9cee5-30b5-5670-79ff-f8ad76748b41', 1, NULL, NULL, NULL, NULL),
('b7c803b3-ccb9-11ed-8def-f8b46ac25bb6', '6fd9cee5-30b5-5670-79ff-f8ad76748b41', 1, NULL, NULL, NULL, NULL),
('b7c804a2-ccb9-11ed-8def-f8b46ac25bb6', '6fd9cee5-30b5-5670-79ff-f8ad76748b41', 1, NULL, NULL, NULL, NULL),
('c5d6d116-ccb9-11ed-8def-f8b46ac25bb6', '3f7bb059-6c87-1b53-7f6a-e0860b0602ba', NULL, '2023-10-15 11:04:31', 'bqdiep@gmail.com', '2023-10-15 11:04:31', 'bqdiep@gmail.com'),
('c5d6d116-ccb9-11ed-8def-f8b46ac25bb6', '6fd9cee5-30b5-5670-79ff-f8ad76748b41', NULL, '2023-10-15 11:04:31', 'bqdiep@gmail.com', '2023-10-15 11:04:31', 'bqdiep@gmail.com'),
('c5d6d9e2-ccb9-11ed-8def-f8b46ac25bb6', '676c50b7-4130-6122-b044-6bc098520b79', NULL, '2023-10-14 11:26:56', 'bqdiep@gmail.com', '2023-10-14 11:26:56', 'bqdiep@gmail.com'),
('c5d6d9e2-ccb9-11ed-8def-f8b46ac25bb6', '6fd9cee5-30b5-5670-79ff-f8ad76748b41', NULL, '2023-10-14 11:26:56', 'bqdiep@gmail.com', '2023-10-14 11:26:56', 'bqdiep@gmail.com'),
('c5d6db62-ccb9-11ed-8def-f8b46ac25bb6', '1c1fcd85-59ec-7f23-924a-775f5b0c255b', NULL, '2023-05-21 16:01:13', 'pttam@gmail.com', '2023-05-21 16:01:13', 'pttam@gmail.com'),
('c5d6db62-ccb9-11ed-8def-f8b46ac25bb6', '676c50b7-4130-6122-b044-6bc098520b79', NULL, '2023-05-21 16:01:13', 'pttam@gmail.com', '2023-05-21 16:01:13', 'pttam@gmail.com'),
('c5d6db62-ccb9-11ed-8def-f8b46ac25bb6', '6fd9cee5-30b5-5670-79ff-f8ad76748b41', NULL, '2023-05-21 16:01:13', 'pttam@gmail.com', '2023-05-21 16:01:13', 'pttam@gmail.com'),
('c5d6dc60-ccb9-11ed-8def-f8b46ac25bb6', '676c50b7-4130-6122-b044-6bc098520b79', NULL, '2023-05-21 16:01:57', 'pttam@gmail.com', '2023-05-21 16:01:57', 'pttam@gmail.com'),
('c5d6dc60-ccb9-11ed-8def-f8b46ac25bb6', '6fd9cee5-30b5-5670-79ff-f8ad76748b41', NULL, '2023-05-21 16:01:57', 'pttam@gmail.com', '2023-05-21 16:01:57', 'pttam@gmail.com'),
('c5d6dd79-ccb9-11ed-8def-f8b46ac25bb6', '6e0e23cc-5dbb-6fe0-8b0b-d111d7560dd1', NULL, '2023-05-21 16:02:38', 'pttam@gmail.com', '2023-05-21 16:02:38', 'pttam@gmail.com'),
('c5d6dd79-ccb9-11ed-8def-f8b46ac25bb6', '6fd9cee5-30b5-5670-79ff-f8ad76748b41', NULL, '2023-05-21 16:02:38', 'pttam@gmail.com', '2023-05-21 16:02:38', 'pttam@gmail.com'),
('c5d6e15f-ccb9-11ed-8def-f8b46ac25bb6', '6fd9cee5-30b5-5670-79ff-f8ad76748b41', 1, NULL, NULL, NULL, NULL),
('c5d6e262-ccb9-11ed-8def-f8b46ac25bb6', '6fd9cee5-30b5-5670-79ff-f8ad76748b41', 1, NULL, NULL, NULL, NULL),
('c5d6e3bc-ccb9-11ed-8def-f8b46ac25bb6', '6fd9cee5-30b5-5670-79ff-f8ad76748b41', 1, NULL, NULL, NULL, NULL),
('c5d6e82c-ccb9-11ed-8def-f8b46ac25bb6', '1c1fcd85-59ec-7f23-924a-775f5b0c255b', NULL, '2023-05-21 16:03:48', 'pttam@gmail.com', '2023-05-21 16:03:48', 'pttam@gmail.com'),
('c5d6e82c-ccb9-11ed-8def-f8b46ac25bb6', '6fd9cee5-30b5-5670-79ff-f8ad76748b41', NULL, '2023-05-21 16:03:48', 'pttam@gmail.com', '2023-05-21 16:03:48', 'pttam@gmail.com'),
('c5d6e92f-ccb9-11ed-8def-f8b46ac25bb6', '6fd9cee5-30b5-5670-79ff-f8ad76748b41', 1, NULL, NULL, NULL, NULL),
('c5d6ea3e-ccb9-11ed-8def-f8b46ac25bb6', '6fd9cee5-30b5-5670-79ff-f8ad76748b41', 1, NULL, NULL, NULL, NULL),
('c5d6eb2a-ccb9-11ed-8def-f8b46ac25bb6', '6fd9cee5-30b5-5670-79ff-f8ad76748b41', 1, NULL, NULL, NULL, NULL),
('c5d6ec34-ccb9-11ed-8def-f8b46ac25bb6', '6fd9cee5-30b5-5670-79ff-f8ad76748b41', 1, NULL, NULL, NULL, NULL),
('c5d6ed36-ccb9-11ed-8def-f8b46ac25bb6', '6fd9cee5-30b5-5670-79ff-f8ad76748b41', 1, NULL, NULL, NULL, NULL),
('c5d6ee30-ccb9-11ed-8def-f8b46ac25bb6', '6fd9cee5-30b5-5670-79ff-f8ad76748b41', 1, NULL, NULL, NULL, NULL),
('c5d6ef27-ccb9-11ed-8def-f8b46ac25bb6', '6fd9cee5-30b5-5670-79ff-f8ad76748b41', 1, NULL, NULL, NULL, NULL),
('c5d6f018-ccb9-11ed-8def-f8b46ac25bb6', '6fd9cee5-30b5-5670-79ff-f8ad76748b41', 1, NULL, NULL, NULL, NULL),
('c5d6f117-ccb9-11ed-8def-f8b46ac25bb6', '6fd9cee5-30b5-5670-79ff-f8ad76748b41', 1, NULL, NULL, NULL, NULL),
('c5d6f1fb-ccb9-11ed-8def-f8b46ac25bb6', '6fd9cee5-30b5-5670-79ff-f8ad76748b41', 1, NULL, NULL, NULL, NULL),
('c5d6f2e1-ccb9-11ed-8def-f8b46ac25bb6', '6fd9cee5-30b5-5670-79ff-f8ad76748b41', 1, NULL, NULL, NULL, NULL),
('c5d6f3c3-ccb9-11ed-8def-f8b46ac25bb6', '6fd9cee5-30b5-5670-79ff-f8ad76748b41', 1, NULL, NULL, NULL, NULL),
('c5d6f4b3-ccb9-11ed-8def-f8b46ac25bb6', '1c1fcd85-59ec-7f23-924a-775f5b0c255b', 1, NULL, NULL, NULL, NULL),
('c5d6f5a9-ccb9-11ed-8def-f8b46ac25bb6', '1c1fcd85-59ec-7f23-924a-775f5b0c255b', 1, NULL, NULL, NULL, NULL),
('c5d6f6ad-ccb9-11ed-8def-f8b46ac25bb6', '1c1fcd85-59ec-7f23-924a-775f5b0c255b', 1, NULL, NULL, NULL, NULL),
('c5d6f78b-ccb9-11ed-8def-f8b46ac25bb6', '1c1fcd85-59ec-7f23-924a-775f5b0c255b', 1, NULL, NULL, NULL, NULL),
('ccccb67b-0d56-4929-83ef-ea26b92e9922', '1c1fcd85-59ec-7f23-924a-775f5b0c255b', NULL, '2023-10-15 11:04:07', 'bqdiep@gmail.com', '2023-10-15 11:04:07', 'bqdiep@gmail.com'),
('ccccb67b-0d56-4929-83ef-ea26b92e9922', '676c50b7-4130-6122-b044-6bc098520b79', NULL, '2023-10-15 11:04:07', 'bqdiep@gmail.com', '2023-10-15 11:04:07', 'bqdiep@gmail.com'),
('ccccb67b-0d56-4929-83ef-ea26b92e9922', '6fd9cee5-30b5-5670-79ff-f8ad76748b41', NULL, '2023-10-15 11:04:07', 'bqdiep@gmail.com', '2023-10-15 11:04:07', 'bqdiep@gmail.com'),
('e616abec-ccb9-11ed-8def-f8b46ac25bb6', '1c1fcd85-59ec-7f23-924a-775f5b0c255b', NULL, '2023-10-14 11:43:16', 'bqdiep@gmail.com', '2023-10-14 11:43:16', 'bqdiep@gmail.com'),
('e616abec-ccb9-11ed-8def-f8b46ac25bb6', '6fd9cee5-30b5-5670-79ff-f8ad76748b41', NULL, '2023-10-14 11:43:16', 'bqdiep@gmail.com', '2023-10-14 11:43:16', 'bqdiep@gmail.com'),
('e616b2fb-ccb9-11ed-8def-f8b46ac25bb6', '1c1fcd85-59ec-7f23-924a-775f5b0c255b', NULL, '2023-05-21 16:00:10', 'pttam@gmail.com', '2023-05-21 16:00:10', 'pttam@gmail.com'),
('e616b2fb-ccb9-11ed-8def-f8b46ac25bb6', '3f7bb059-6c87-1b53-7f6a-e0860b0602ba', NULL, '2023-05-21 16:00:10', 'pttam@gmail.com', '2023-05-21 16:00:10', 'pttam@gmail.com'),
('e616b438-ccb9-11ed-8def-f8b46ac25bb6', '1c1fcd85-59ec-7f23-924a-775f5b0c255b', NULL, '2023-05-21 16:01:24', 'pttam@gmail.com', '2023-05-21 16:01:24', 'pttam@gmail.com'),
('e616b438-ccb9-11ed-8def-f8b46ac25bb6', '6e0e23cc-5dbb-6fe0-8b0b-d111d7560dd1', NULL, '2023-05-21 16:01:24', 'pttam@gmail.com', '2023-05-21 16:01:24', 'pttam@gmail.com'),
('e616b438-ccb9-11ed-8def-f8b46ac25bb6', '6fd9cee5-30b5-5670-79ff-f8ad76748b41', NULL, '2023-05-21 16:01:24', 'pttam@gmail.com', '2023-05-21 16:01:24', 'pttam@gmail.com'),
('e616b52e-ccb9-11ed-8def-f8b46ac25bb6', '1c1fcd85-59ec-7f23-924a-775f5b0c255b', NULL, '2023-05-21 16:02:02', 'pttam@gmail.com', '2023-05-21 16:02:02', 'pttam@gmail.com'),
('e616b52e-ccb9-11ed-8def-f8b46ac25bb6', '6fd9cee5-30b5-5670-79ff-f8ad76748b41', NULL, '2023-05-21 16:02:02', 'pttam@gmail.com', '2023-05-21 16:02:02', 'pttam@gmail.com'),
('e616b61c-ccb9-11ed-8def-f8b46ac25bb6', '676c50b7-4130-6122-b044-6bc098520b79', NULL, '2023-05-21 16:02:44', 'pttam@gmail.com', '2023-05-21 16:02:44', 'pttam@gmail.com'),
('e616b61c-ccb9-11ed-8def-f8b46ac25bb6', '6e0e23cc-5dbb-6fe0-8b0b-d111d7560dd1', NULL, '2023-05-21 16:02:44', 'pttam@gmail.com', '2023-05-21 16:02:44', 'pttam@gmail.com'),
('e616b720-ccb9-11ed-8def-f8b46ac25bb6', '1c1fcd85-59ec-7f23-924a-775f5b0c255b', 1, NULL, NULL, NULL, NULL),
('e616b81e-ccb9-11ed-8def-f8b46ac25bb6', '1c1fcd85-59ec-7f23-924a-775f5b0c255b', 1, NULL, NULL, NULL, NULL),
('e616b8ea-ccb9-11ed-8def-f8b46ac25bb6', '1c1fcd85-59ec-7f23-924a-775f5b0c255b', NULL, '2023-05-21 16:03:32', 'pttam@gmail.com', '2023-05-21 16:03:32', 'pttam@gmail.com'),
('e616b8ea-ccb9-11ed-8def-f8b46ac25bb6', '676c50b7-4130-6122-b044-6bc098520b79', NULL, '2023-05-21 16:03:32', 'pttam@gmail.com', '2023-05-21 16:03:32', 'pttam@gmail.com'),
('e616b8ea-ccb9-11ed-8def-f8b46ac25bb6', '6fd9cee5-30b5-5670-79ff-f8ad76748b41', NULL, '2023-05-21 16:03:32', 'pttam@gmail.com', '2023-05-21 16:03:32', 'pttam@gmail.com'),
('e616bac1-ccb9-11ed-8def-f8b46ac25bb6', '1c1fcd85-59ec-7f23-924a-775f5b0c255b', 1, NULL, NULL, NULL, NULL),
('e616bb96-ccb9-11ed-8def-f8b46ac25bb6', '1c1fcd85-59ec-7f23-924a-775f5b0c255b', 1, NULL, NULL, NULL, NULL),
('e616bc70-ccb9-11ed-8def-f8b46ac25bb6', '1c1fcd85-59ec-7f23-924a-775f5b0c255b', 1, NULL, NULL, NULL, NULL),
('e616bd4f-ccb9-11ed-8def-f8b46ac25bb6', '1c1fcd85-59ec-7f23-924a-775f5b0c255b', 1, NULL, NULL, NULL, NULL),
('e616be1d-ccb9-11ed-8def-f8b46ac25bb6', '3f7bb059-6c87-1b53-7f6a-e0860b0602ba', NULL, '2023-05-21 16:04:15', 'pttam@gmail.com', '2023-05-21 16:04:15', 'pttam@gmail.com'),
('e616be1d-ccb9-11ed-8def-f8b46ac25bb6', '676c50b7-4130-6122-b044-6bc098520b79', NULL, '2023-05-21 16:04:15', 'pttam@gmail.com', '2023-05-21 16:04:15', 'pttam@gmail.com'),
('e616beee-ccb9-11ed-8def-f8b46ac25bb6', '1c1fcd85-59ec-7f23-924a-775f5b0c255b', NULL, '2023-05-21 16:03:58', 'pttam@gmail.com', '2023-05-21 16:03:58', 'pttam@gmail.com'),
('e616beee-ccb9-11ed-8def-f8b46ac25bb6', '6fd9cee5-30b5-5670-79ff-f8ad76748b41', NULL, '2023-05-21 16:03:58', 'pttam@gmail.com', '2023-05-21 16:03:58', 'pttam@gmail.com'),
('e616bfc5-ccb9-11ed-8def-f8b46ac25bb6', '1c1fcd85-59ec-7f23-924a-775f5b0c255b', 1, NULL, NULL, NULL, NULL),
('e616c0a8-ccb9-11ed-8def-f8b46ac25bb6', '1c1fcd85-59ec-7f23-924a-775f5b0c255b', 1, NULL, NULL, NULL, NULL),
('e616c19c-ccb9-11ed-8def-f8b46ac25bb6', '1c1fcd85-59ec-7f23-924a-775f5b0c255b', 1, NULL, NULL, NULL, NULL),
('e616c40a-ccb9-11ed-8def-f8b46ac25bb6', '1c1fcd85-59ec-7f23-924a-775f5b0c255b', 1, NULL, NULL, NULL, NULL),
('e616c506-ccb9-11ed-8def-f8b46ac25bb6', '1c1fcd85-59ec-7f23-924a-775f5b0c255b', 1, NULL, NULL, NULL, NULL),
('e616c5dd-ccb9-11ed-8def-f8b46ac25bb6', '1c1fcd85-59ec-7f23-924a-775f5b0c255b', 1, NULL, NULL, NULL, NULL),
('e616cab9-ccb9-11ed-8def-f8b46ac25bb6', '1c1fcd85-59ec-7f23-924a-775f5b0c255b', 1, NULL, NULL, NULL, NULL),
('e616cba6-ccb9-11ed-8def-f8b46ac25bb6', '1c1fcd85-59ec-7f23-924a-775f5b0c255b', 1, NULL, NULL, NULL, NULL),
('e616ccb9-ccb9-11ed-8def-f8b46ac25bb6', '1c1fcd85-59ec-7f23-924a-775f5b0c255b', 1, NULL, NULL, NULL, NULL),
('e616cdfb-ccb9-11ed-8def-f8b46ac25bb6', '1c1fcd85-59ec-7f23-924a-775f5b0c255b', 1, NULL, NULL, NULL, NULL),
('e616cfc0-ccb9-11ed-8def-f8b46ac25bb6', '1c1fcd85-59ec-7f23-924a-775f5b0c255b', 1, NULL, NULL, NULL, NULL),
('fe0cb7eb-ccb9-11ed-8def-f8b46ac25bb6', '1c1fcd85-59ec-7f23-924a-775f5b0c255b', NULL, '2023-10-14 13:35:06', 'bqdiep@gmail.com', '2023-10-14 13:35:06', 'bqdiep@gmail.com'),
('fe0cb7eb-ccb9-11ed-8def-f8b46ac25bb6', '6e0e23cc-5dbb-6fe0-8b0b-d111d7560dd1', NULL, '2023-10-14 13:35:06', 'bqdiep@gmail.com', '2023-10-14 13:35:06', 'bqdiep@gmail.com'),
('fe0cbe14-ccb9-11ed-8def-f8b46ac25bb6', '1c1fcd85-59ec-7f23-924a-775f5b0c255b', NULL, '2023-05-21 16:00:47', 'pttam@gmail.com', '2023-05-21 16:00:47', 'pttam@gmail.com'),
('fe0cbe14-ccb9-11ed-8def-f8b46ac25bb6', '676c50b7-4130-6122-b044-6bc098520b79', NULL, '2023-05-21 16:00:47', 'pttam@gmail.com', '2023-05-21 16:00:47', 'pttam@gmail.com'),
('fe0cbf6a-ccb9-11ed-8def-f8b46ac25bb6', '1c1fcd85-59ec-7f23-924a-775f5b0c255b', NULL, '2023-05-21 16:01:28', 'pttam@gmail.com', '2023-05-21 16:01:28', 'pttam@gmail.com'),
('fe0cbf6a-ccb9-11ed-8def-f8b46ac25bb6', '3f7bb059-6c87-1b53-7f6a-e0860b0602ba', NULL, '2023-05-21 16:01:28', 'pttam@gmail.com', '2023-05-21 16:01:28', 'pttam@gmail.com'),
('fe0cc05c-ccb9-11ed-8def-f8b46ac25bb6', '1c1fcd85-59ec-7f23-924a-775f5b0c255b', NULL, '2023-05-21 16:02:06', 'pttam@gmail.com', '2023-05-21 16:02:06', 'pttam@gmail.com'),
('fe0cc05c-ccb9-11ed-8def-f8b46ac25bb6', '6fd9cee5-30b5-5670-79ff-f8ad76748b41', NULL, '2023-05-21 16:02:06', 'pttam@gmail.com', '2023-05-21 16:02:06', 'pttam@gmail.com'),
('fe0cc139-ccb9-11ed-8def-f8b46ac25bb6', '1c1fcd85-59ec-7f23-924a-775f5b0c255b', NULL, '2023-05-21 16:02:49', 'pttam@gmail.com', '2023-05-21 16:02:49', 'pttam@gmail.com'),
('fe0cc139-ccb9-11ed-8def-f8b46ac25bb6', '3f7bb059-6c87-1b53-7f6a-e0860b0602ba', NULL, '2023-05-21 16:02:49', 'pttam@gmail.com', '2023-05-21 16:02:49', 'pttam@gmail.com'),
('fe0cc22d-ccb9-11ed-8def-f8b46ac25bb6', '1c1fcd85-59ec-7f23-924a-775f5b0c255b', 1, NULL, NULL, NULL, NULL),
('fe0cc317-ccb9-11ed-8def-f8b46ac25bb6', '1c1fcd85-59ec-7f23-924a-775f5b0c255b', 1, NULL, NULL, NULL, NULL),
('fe0cc3ed-ccb9-11ed-8def-f8b46ac25bb6', '3f7bb059-6c87-1b53-7f6a-e0860b0602ba', NULL, '2023-05-21 16:03:25', 'pttam@gmail.com', '2023-05-21 16:03:25', 'pttam@gmail.com'),
('fe0cc3ed-ccb9-11ed-8def-f8b46ac25bb6', '6fd9cee5-30b5-5670-79ff-f8ad76748b41', NULL, '2023-05-21 16:03:25', 'pttam@gmail.com', '2023-05-21 16:03:25', 'pttam@gmail.com'),
('fe0cc531-ccb9-11ed-8def-f8b46ac25bb6', '1c1fcd85-59ec-7f23-924a-775f5b0c255b', 1, NULL, NULL, NULL, NULL),
('fe0cc607-ccb9-11ed-8def-f8b46ac25bb6', '1c1fcd85-59ec-7f23-924a-775f5b0c255b', 1, NULL, NULL, NULL, NULL),
('fe0cc6f4-ccb9-11ed-8def-f8b46ac25bb6', '1c1fcd85-59ec-7f23-924a-775f5b0c255b', 1, NULL, NULL, NULL, NULL),
('fe0cc82a-ccb9-11ed-8def-f8b46ac25bb6', '1c1fcd85-59ec-7f23-924a-775f5b0c255b', 1, NULL, NULL, NULL, NULL),
('fe0cc9b8-ccb9-11ed-8def-f8b46ac25bb6', '1c1fcd85-59ec-7f23-924a-775f5b0c255b', 1, NULL, NULL, NULL, NULL),
('fe0ccaf7-ccb9-11ed-8def-f8b46ac25bb6', '1c1fcd85-59ec-7f23-924a-775f5b0c255b', 1, NULL, NULL, NULL, NULL),
('fe0ccc1e-ccb9-11ed-8def-f8b46ac25bb6', '1c1fcd85-59ec-7f23-924a-775f5b0c255b', 1, NULL, NULL, NULL, NULL),
('fe0ccdd8-ccb9-11ed-8def-f8b46ac25bb6', '1c1fcd85-59ec-7f23-924a-775f5b0c255b', 1, NULL, NULL, NULL, NULL),
('fe0cd6ef-ccb9-11ed-8def-f8b46ac25bb6', '1c1fcd85-59ec-7f23-924a-775f5b0c255b', 1, NULL, NULL, NULL, NULL),
('fe0cd8d9-ccb9-11ed-8def-f8b46ac25bb6', '1c1fcd85-59ec-7f23-924a-775f5b0c255b', 1, NULL, NULL, NULL, NULL),
('fe0cda35-ccb9-11ed-8def-f8b46ac25bb6', '1c1fcd85-59ec-7f23-924a-775f5b0c255b', 1, NULL, NULL, NULL, NULL),
('fe0cdb1f-ccb9-11ed-8def-f8b46ac25bb6', '1c1fcd85-59ec-7f23-924a-775f5b0c255b', 1, NULL, NULL, NULL, NULL),
('fe0cdcf9-ccb9-11ed-8def-f8b46ac25bb6', '1c1fcd85-59ec-7f23-924a-775f5b0c255b', 1, NULL, NULL, NULL, NULL),
('fe0cde96-ccb9-11ed-8def-f8b46ac25bb6', '1c1fcd85-59ec-7f23-924a-775f5b0c255b', 1, NULL, NULL, NULL, NULL),
('fe0cdfb6-ccb9-11ed-8def-f8b46ac25bb6', '1c1fcd85-59ec-7f23-924a-775f5b0c255b', 1, NULL, NULL, NULL, NULL),
('fe0ce0f7-ccb9-11ed-8def-f8b46ac25bb6', '1c1fcd85-59ec-7f23-924a-775f5b0c255b', 1, NULL, NULL, NULL, NULL),
('fe0ce209-ccb9-11ed-8def-f8b46ac25bb6', '1c1fcd85-59ec-7f23-924a-775f5b0c255b', 1, NULL, NULL, NULL, NULL);

-- 
-- Dumping data for table lesson
--
INSERT INTO lesson VALUES
('bc4a7bdb-7312-11ee-87d3-7c1e5206008b', 'Tiết 1', '07:00:00', '07:50:00', '2023-10-25 08:44:40', '', '2023-10-25 08:44:40', '', 1),
('bc4a8133-7312-11ee-87d3-7c1e5206008b', 'Tiết 2', '07:55:00', '08:45:00', '2023-10-25 08:44:40', '', '2023-10-25 08:44:40', '', 2),
('bc4a8278-7312-11ee-87d3-7c1e5206008b', 'Tiết 3', '08:50:00', '09:40:00', '2023-10-25 08:44:40', '', '2023-10-25 08:44:40', '', 3),
('bc4a831b-7312-11ee-87d3-7c1e5206008b', 'Tiết 4', '09:50:00', '10:40:00', '2023-10-25 08:44:40', '', '2023-10-25 08:44:40', '', 4),
('bc4a83b4-7312-11ee-87d3-7c1e5206008b', 'Tiết 5', '10:45:00', '11:35:00', '2023-10-25 08:44:40', '', '2023-10-25 08:44:40', '', 5),
('bc4a846b-7312-11ee-87d3-7c1e5206008b', 'Tiết 6', '12:30:00', '13:20:00', '2023-10-25 08:44:40', '', '2023-10-25 08:44:40', '', 6),
('bc4a850d-7312-11ee-87d3-7c1e5206008b', 'Tiết 7', '13:25:00', '14:15:00', '2023-10-25 08:44:40', '', '2023-10-25 08:44:40', '', 7),
('bc4a85cc-7312-11ee-87d3-7c1e5206008b', 'Tiết 8', '14:20:00', '15:10:00', '2023-10-25 08:44:40', '', '2023-10-25 08:44:40', '', 8),
('bc4a8666-7312-11ee-87d3-7c1e5206008b', 'Tiết 9', '15:20:00', '16:10:00', '2023-10-25 08:44:40', '', '2023-10-25 08:44:40', '', 9),
('bc4a86f3-7312-11ee-87d3-7c1e5206008b', 'Tiết 10', '16:15:00', '17:05:00', '2023-10-25 08:44:40', '', '2023-10-25 08:44:40', '', 10),
('bc4a8789-7312-11ee-87d3-7c1e5206008b', 'Tiết 11', '17:30:00', '18:20:00', '2023-10-25 08:44:40', '', '2023-10-25 08:44:40', '', 11),
('bc4a8825-7312-11ee-87d3-7c1e5206008b', 'Tiết 12', '18:25:00', '19:15:00', '2023-10-25 08:44:40', '', '2023-10-25 08:44:40', '', 12),
('bc4a88c0-7312-11ee-87d3-7c1e5206008b', 'Tiết 13', '19:20:00', '20:10:00', '2023-10-25 08:44:40', '', '2023-10-25 08:44:40', '', 13),
('bc4a8969-7312-11ee-87d3-7c1e5206008b', 'Tiết 14', '20:15:00', '21:05:00', '2023-10-25 08:44:40', '', '2023-10-25 08:44:40', '', 14);

-- 
-- Dumping data for table checkstudent
--
INSERT INTO checkstudent VALUES
(17, '2023-12-16', '19810310355', '2023-12-16 10:15:52', 'bqdiep', '2023-12-16 10:15:52', 'bqdiep', True, 'c0c4e064-9a67-11ee-b795-040e3cab354b', '2000637a-2a69-2e7e-a135-f98da3f197bd', 'a972d03d-7939-11ee-a859-040e3cab354b', NULL),
(41, '2023-12-17', '19810310355', '2023-12-17 16:27:11', 'bqdiep', '2023-12-17 16:27:11', 'bqdiep', True, 'c0c4e064-9a67-11ee-b795-040e3cab354b', '2000637a-2a69-2e7e-a135-f98da3f197bd', 'a972d03d-7939-11ee-a859-040e3cab354b', '78d96a9f-7fe6-4832-9ea7-2533061d1e03');

-- 
-- Dumping data for table bookinghistory
--
-- Table bookingroomuniversity.bookinghistory does not contain any data (it is empty)

-- 
-- Restore previous SQL mode
-- 
/*!40101 SET SQL_MODE=@OLD_SQL_MODE */;

-- 
-- Enable foreign keys
-- 
/*!40014 SET FOREIGN_KEY_CHECKS = @OLD_FOREIGN_KEY_CHECKS */;